name,location,specialty,facility_type,place_id,latitude,longitude,vicinity,rating,reviews,is_open_now,opening_hours,phone_number,website,emergency_facility,response_probability,distance_from_center,has_phone,has_website,collected_at,quality_score,is_highly_rated
Dr.Rahul Sawant | Best Cardiologist in Pune | Hridaymitra Cardia Clinic Pune,"1st Floor Pushpa Prestige Above Puma Showroom Cosmos bank, City Pride Cinema, Pune - Satara Rd, opposite HOTEL UTSAV DELUXE, Adinath Society, Parvati Industrial Estate, Parvati Paytha, Pune, Maharashtra 411009, India",General Practice,doctor,ChIJgwk7eBzAwjsRLxtIXsnVVlk,18.4894508,73.8572494,"1st Floor Pushpa Prestige Above Puma Showroom Cosmos bank, City Pride Cinema, Pune - Satara Rd, opposite HOTEL UTSAV DELUXE, Adinath Society, Parvati Industrial Estate, Parvati Paytha, Pune, Maharashtra 411009, India",5.0,804,False,"['Monday: 9:00\u202fAM\u2009–\u20098:45\u202fPM', 'Tuesday: 9:00\u202fAM\u2009–\u20098:45\u202fPM', 'Wednesday: 9:00\u202fAM\u2009–\u20098:30\u202fPM', 'Thursday: 9:00\u202fAM\u2009–\u20098:30\u202fPM', 'Friday: 9:00\u202fAM\u2009–\u20098:30\u202fPM', 'Saturday: 9:00\u202fAM\u2009–\u20098:30\u202fPM', 'Sunday: Closed']",090219 40551,https://hridaymitracardiaclinic.com/,True,0.65,3441.881597396993,1,1,2026-04-07T23:26:05.126164,150.0,1
Dr. Joglekar Hospital and Fertility Centre,"NH 4, Shirwal, Maharashtra 412801, India",General,establishment,ChIJ7YYbSkj2wjsR4eN4YVBBLK8,18.149904,73.9735463,"NH 4, Shirwal, Maharashtra 412801, India",4.9,3296,True,"['Monday: Open 24 hours', 'Tuesday: Open 24 hours', 'Wednesday: Open 24 hours', 'Thursday: Open 24 hours', 'Friday: Open 24 hours', 'Saturday: Open 24 hours', 'Sunday: Open 24 hours']",076669 92594,http://www.joglekarhospital.com/,True,0.85,4947.709371246744,1,1,2026-04-07T23:26:39.318435,148.0,1
Lalwani Mother and Child Care Hospital,"Survey No.:51(P),CTS No. 3670(p Pune Satara Road Opp. Nexa Showroom, LALWANI MOTHER CHILD CARE, Satara Rd, near Chandukaka Saraf, Darshan - II Co-operative HSG Society, Walvekar Nagar, Parvati Paytha, Pune, Maharashtra 411009, India",General,establishment,ChIJ__T3FdfBwjsR1LPga9hD3hg,18.4829811,73.8570215,"Survey No.:51(P),CTS No. 3670(p Pune Satara Road Opp. Nexa Showroom, LALWANI MOTHER CHILD CARE, Satara Rd, near Chandukaka Saraf, Darshan - II Co-operative HSG Society, Walvekar Nagar, Parvati Paytha, Pune, Maharashtra 411009, India",4.9,4294,True,"['Monday: Open 24 hours', 'Tuesday: Open 24 hours', 'Wednesday: Open 24 hours', 'Thursday: Open 24 hours', 'Friday: Open 24 hours', 'Saturday: Open 24 hours', 'Sunday: Open 24 hours']",020 6868 6868,https://lalwanihospital.com/,True,0.85,4160.929950032771,1,1,2026-04-07T23:26:02.934876,148.0,1
Pristyn Care LOC Super Speciality Hospital,"LOC, 2143, Chowk Sadashiv Peth, N. C, Phadke Chowk, near Neelayam Theater, next to Hotel Kaveri, Vijayanagar Colony, Sadashiv Peth, Pune, Maharashtra 411030, India",General Practice,doctor,ChIJmWoHHA3AwjsRORJt7h5gIKs,18.504395,73.85100729999999,"LOC, 2143, Chowk Sadashiv Peth, N. C, Phadke Chowk, near Neelayam Theater, next to Hotel Kaveri, Vijayanagar Colony, Sadashiv Peth, Pune, Maharashtra 411030, India",4.9,1255,True,"['Monday: Open 24 hours', 'Tuesday: Open 24 hours', 'Wednesday: Open 24 hours', 'Thursday: Open 24 hours', 'Friday: Open 24 hours', 'Saturday: Open 24 hours', 'Sunday: Open 24 hours']",080 6542 3036,https://obesityasia.com/,True,0.85,1878.173635153939,1,1,2026-04-07T23:25:51.935105,148.0,1
Aai Women's & Children's Hospital,"Gat No 112, Rose Castle, Borhade Wadi, Moshi, Pimpri-Chinchwad, Maharashtra 412105, India",General Practice,doctor,ChIJj14-caC3wjsRz5YYpxCm2ew,18.6719143,73.8341153,"Gat No 112, Rose Castle, Borhade Wadi, Moshi, Pimpri-Chinchwad, Maharashtra 412105, India",4.8,824,True,"['Monday: Open 24 hours', 'Tuesday: Open 24 hours', 'Wednesday: Open 24 hours', 'Thursday: Open 24 hours', 'Friday: Open 24 hours', 'Saturday: Open 24 hours', 'Sunday: Open 24 hours']",079723 32049,https://aaihospitals.com/index.html,True,0.85,17014.924084478913,1,1,2026-04-07T23:26:04.441039,146.0,1
Dr Dudhbhate Netralay and Retina Centre | Best Eye Hospital in Pune | Retina | Cataract | LASIK,"Manik Baug, Indian oil petrol pump, SN.39/1A/1, Sinhgad Rd, opp. Indian Hume Pipe Company, Wadgaon Budruk, Anand Nagar, Pune, Maharashtra 411051, India",General Practice,doctor,ChIJK37OoV6VwjsRSX6QtqkCGvE,18.4708533,73.8215835,"Manik Baug, Indian oil petrol pump, SN.39/1A/1, Sinhgad Rd, opp. Indian Hume Pipe Company, Wadgaon Budruk, Anand Nagar, Pune, Maharashtra 411051, India",4.8,4094,False,"['Monday: 9:00\u202fAM\u2009–\u20098:00\u202fPM', 'Tuesday: 9:00\u202fAM\u2009–\u20098:00\u202fPM', 'Wednesday: 9:00\u202fAM\u2009–\u20098:00\u202fPM', 'Thursday: 9:00\u202fAM\u2009–\u20098:00\u202fPM', 'Friday: 9:00\u202fAM\u2009–\u20098:00\u202fPM', 'Saturday: 9:00\u202fAM\u2009–\u20098:00\u202fPM', 'Sunday: Closed']",020 2435 1535,http://www.dudhbhatenetralay.com/,True,0.65,3420.563897760846,1,1,2026-04-07T23:26:16.552236,146.0,1
Dugad Hospital,"First Floor, Adinath Shopping Centre, Pune - Satara Rd, Adinath Society, Parsanees Colony, Maharshi Nagar, Pune, Maharashtra 411037, India",General,establishment,ChIJGS30SBHAwjsR5QoO1gfQ21s,18.491034,73.85801049999999,"First Floor, Adinath Shopping Centre, Pune - Satara Rd, Adinath Society, Parsanees Colony, Maharshi Nagar, Pune, Maharashtra 411037, India",4.8,900,True,"['Monday: Open 24 hours', 'Tuesday: Open 24 hours', 'Wednesday: Open 24 hours', 'Thursday: Open 24 hours', 'Friday: Open 24 hours', 'Saturday: Open 24 hours', 'Sunday: Open 24 hours']",089286 05525,http://business.google.com/website/dugad-hospital,True,0.85,3268.2728474172973,1,1,2026-04-07T23:26:01.912380,146.0,1
Sai Varad Children Hospital,"Kasturi Market, Temple, Chikhali Akurdi Rd, near Siddhivinayak Complex, प्रेमसदन हाउसिंग सोसायटी, सेक्टर No. 20, चिंचवड, पिंपरी चिंचवड, महाराष्ट्र 411019, India",General,establishment,ChIJr2On9n-3wjsRkmJ08tzx4ZM,18.6645146,73.79504680000001,"Kasturi Market, Temple, Chikhali Akurdi Rd, near Siddhivinayak Complex, प्रेमसदन हाउसिंग सोसायटी, सेक्टर No. 20, चिंचवड, पिंपरी चिंचवड, महाराष्ट्र 411019, India",4.8,503,True,"['Monday: Open 24 hours', 'Tuesday: Open 24 hours', 'Wednesday: Open 24 hours', 'Thursday: Open 24 hours', 'Friday: Open 24 hours', 'Saturday: Open 24 hours', 'Sunday: Open 24 hours']",089567 94921,http://www.saivaradhospital.in/,True,0.85,23757.36336873465,1,1,2026-04-07T23:26:19.492360,146.0,1
Jupiter Hospital,"Jupiter Hospital, Prathamesh Park, Baner, Pune, Maharashtra 411045, India",General,establishment,ChIJq6qqWtK-wjsRB3ipyUrXw0s,18.5653865,73.78605050000002,"Jupiter Hospital, Prathamesh Park, Baner, Pune, Maharashtra 411045, India",4.7,13804,True,"['Monday: Open 24 hours', 'Tuesday: Open 24 hours', 'Wednesday: Open 24 hours', 'Thursday: Open 24 hours', 'Friday: Open 24 hours', 'Saturday: Open 24 hours', 'Sunday: Open 24 hours']",020 6637 5555,https://www.jupiterhospital.com/pune,True,0.85,8971.952779104016,1,1,2026-04-07T23:26:06.014367,144.0,1
"Sahyadri Super Speciality Hospital, Deccan Gymkhana, Pune","Plot No. 30-C, Karve Rd, Kachare Colony, Deccan Gymkhana, Pune, Maharashtra 411004, India",General,establishment,ChIJH1XCpYm_wjsRi58ExuGvoeU,18.5130079,73.8393427,"Plot No. 30-C, Karve Rd, Kachare Colony, Deccan Gymkhana, Pune, Maharashtra 411004, India",4.7,14768,True,"['Monday: Open 24 hours', 'Tuesday: Open 24 hours', 'Wednesday: Open 24 hours', 'Thursday: Open 24 hours', 'Friday: Open 24 hours', 'Saturday: Open 24 hours', 'Sunday: Open 24 hours']",020 4713 8766,https://sahyadrihospital.com/deccan,True,0.85,2006.2381260428265,1,1,2026-04-07T23:25:50.825584,144.0,1
VishwaRaj Hospital Pune,"Vishwaraj hospital, Near Loni Railway station Loni Kalbhor, Solapur - Pune Hwy, Pune, Kadamwak Wasti, Maharashtra 412201, India",General Practice,doctor,ChIJM58ulWLpwjsRFnyMpaVUEZg,18.4896546,74.0224807,"Vishwaraj hospital, Near Loni Railway station Loni Kalbhor, Solapur - Pune Hwy, Pune, Kadamwak Wasti, Maharashtra 412201, India",4.7,9412,True,"['Monday: Open 24 hours', 'Tuesday: Open 24 hours', 'Wednesday: Open 24 hours', 'Thursday: Open 24 hours', 'Friday: Open 24 hours', 'Saturday: Open 24 hours', 'Sunday: Open 24 hours']",020 6760 6060,http://www.vishwarajhospital.com/,True,0.85,38202.2871606702,1,1,2026-04-07T23:26:39.916896,144.0,1
Ankura Hospital for Women & Children - Pune,"1+2A+2B/1, CTS, S.No.163, Nagras Rd, opposite SBI PBB, Ward No. 8, Wireless Colony, Aundh, Pune, Maharashtra 411007, India",General,establishment,ChIJWSbwyhq_wjsRc8IDS864p-Q,18.5653976,73.80474319999999,"1+2A+2B/1, CTS, S.No.163, Nagras Rd, opposite SBI PBB, Ward No. 8, Wireless Colony, Aundh, Pune, Maharashtra 411007, India",4.6,3144,True,"['Monday: Open 24 hours', 'Tuesday: Open 24 hours', 'Wednesday: Open 24 hours', 'Thursday: Open 24 hours', 'Friday: Open 24 hours', 'Saturday: Open 24 hours', 'Sunday: Open 24 hours']",090531 08108,https://www.ankurahospitals.com/women-and-childcare-hospital-in-pune/,True,0.85,7418.695732779141,1,1,2026-04-07T23:26:04.222897,142.0,1
Aura Multispeciality Hospital,"s.no33, Phale Nagar, Datta Nagar Road Near Reliance Fresh Mall, Kalubai Nagar, Shriram Nagar, Ambegaon Budruk, Pune46, Pune, Maharashtra 411046, India",General,establishment,ChIJXbJvmczrwjsR2nnLMYmpX2s,18.4533298,73.85095559999999,"s.no33, Phale Nagar, Datta Nagar Road Near Reliance Fresh Mall, Kalubai Nagar, Shriram Nagar, Ambegaon Budruk, Pune46, Pune, Maharashtra 411046, India",4.6,718,True,"['Monday: Open 24 hours', 'Tuesday: Open 24 hours', 'Wednesday: Open 24 hours', 'Thursday: Open 24 hours', 'Friday: Open 24 hours', 'Saturday: Open 24 hours', 'Sunday: Open 24 hours']",076204 42624,https://aurahospitalpune.com/,True,0.85,7482.428879559126,1,1,2026-04-07T23:25:58.367635,142.0,1
Siddhi Hospital,"ढांकावड़े पाटील टाउनशिप, Pune - Satara Rd, behind HP Petrol Pump, Panchod, Balaji Nagar, Pune, Maharashtra 411043, India",General Practice,doctor,ChIJISBjLLnqwjsR4F599NWy8ok,18.4641339,73.8592262,"ढांकावड़े पाटील टाउनशिप, Pune - Satara Rd, behind HP Petrol Pump, Panchod, Balaji Nagar, Pune, Maharashtra 411043, India",4.6,2000,True,"['Monday: Open 24 hours', 'Tuesday: Open 24 hours', 'Wednesday: Open 24 hours', 'Thursday: Open 24 hours', 'Friday: Open 24 hours', 'Saturday: Open 24 hours', 'Sunday: Open 24 hours']",074474 34524,http://www.siddhihospital.in/,True,0.85,6262.173768045636,1,1,2026-04-07T23:25:58.692754,142.0,1
Ruby Hall Clinic - Sassoon Road,"40, Sasoon Rd, Sangamvadi, Pune, Maharashtra 411001, India",General Practice,doctor,ChIJFS5RJ_jAwjsRB5zk2s6LU0c,18.5335842,73.87715659999999,"40, Sasoon Rd, Sangamvadi, Pune, Maharashtra 411001, India",4.5,13738,True,"['Monday: Open 24 hours', 'Tuesday: Open 24 hours', 'Wednesday: Open 24 hours', 'Thursday: Open 24 hours', 'Friday: Open 24 hours', 'Saturday: Open 24 hours', 'Sunday: Open 24 hours']",020 6645 5100,https://rubyhall.com/,True,0.85,2607.8568306450647,1,1,2026-04-07T23:25:50.448074,140.0,1
Synergy Heart & Multispeciality Hospital,"Avenue Plaza, Ground Floor, 3rd & 4th Floor Rahatani Rd Above Reliance Digital, Prassana Colony Near Kokane Chowk, Pimple Saudagar Pimpri-Chinchwad, Prassana Colony, Pimple Saudagar, Pune, Pimpri-Chinchwad, Maharashtra 411017, India",General Practice,doctor,ChIJm-Ldcdu5wjsR5iulSY7o-tA,18.5997673,73.79246669999999,"Avenue Plaza, Ground Floor, 3rd & 4th Floor Rahatani Rd Above Reliance Digital, Prassana Colony Near Kokane Chowk, Pimple Saudagar Pimpri-Chinchwad, Prassana Colony, Pimple Saudagar, Pune, Pimpri-Chinchwad, Maharashtra 411017, India",4.5,729,True,"['Monday: Open 24 hours', 'Tuesday: Open 24 hours', 'Wednesday: Open 24 hours', 'Thursday: Open 24 hours', 'Friday: Open 24 hours', 'Saturday: Open 24 hours', 'Sunday: Open 24 hours']",090283 77909,https://synergyheartinstitute.in/,True,0.85,11123.422853764669,1,1,2026-04-07T23:26:05.461104,140.0,1
Vighnaharata Multispeciality Hospital,"Plot no 5 Mahesh Society Chowk, Opposite Bibawewadi Petrol Pump, Mahesh Society, Bibwewadi, Pune, Maharashtra 411037, India",General,establishment,ChIJ4XNbl73qwjsRNXrlP67s7Eg,18.4692903,73.8642533,"Plot no 5 Mahesh Society Chowk, Opposite Bibawewadi Petrol Pump, Mahesh Society, Bibwewadi, Pune, Maharashtra 411037, India",4.5,701,True,"['Monday: Open 24 hours', 'Tuesday: Open 24 hours', 'Wednesday: Open 24 hours', 'Thursday: Open 24 hours', 'Friday: Open 24 hours', 'Saturday: Open 24 hours', 'Sunday: Open 24 hours']",099218 84422,,True,0.7999999999999999,5738.684630418278,1,0,2026-04-07T23:25:59.681848,140.0,1
Apollo Hospitals Pune | Best Hospital in Pune,"Apollo Hospitals Enterprise Limited, Shankar Sheth Rd, Ghorpade Peth, Swargate, Pune, Maharashtra 411042, India",General Practice,doctor,ChIJL98KUADBwjsRC6OIIsDvx30,18.5002078,73.8646288,"Apollo Hospitals Enterprise Limited, Shankar Sheth Rd, Ghorpade Peth, Swargate, Pune, Maharashtra 411042, India",4.7,449,True,"['Monday: Open 24 hours', 'Tuesday: Open 24 hours', 'Wednesday: Open 24 hours', 'Thursday: Open 24 hours', 'Friday: Open 24 hours', 'Saturday: Open 24 hours', 'Sunday: Open 24 hours']",080 6297 2814,https://www.apollohospitals.com/hospitals/pune,True,0.85,2395.868879278626,1,1,2026-04-07T23:26:01.807095,138.9,1
Pulse Multispeciality Hospital,"Pulse Multispeciality hospital, Vishwa Arcade Mumbai Bangalore Highway Navle Bridge Vadgaon Budruk, Phase 2, Wadgaon Budruk, Narhe, Pune, Maharashtra 411041, India",General Practice,doctor,ChIJtwG7FLCVwjsRuLc5LYwv39g,18.459427,73.82334469999999,"Pulse Multispeciality hospital, Vishwa Arcade Mumbai Bangalore Highway Navle Bridge Vadgaon Budruk, Phase 2, Wadgaon Budruk, Narhe, Pune, Maharashtra 411041, India",4.4,624,True,"['Monday: Open 24 hours', 'Tuesday: Open 24 hours', 'Wednesday: Open 24 hours', 'Thursday: Open 24 hours', 'Friday: Open 24 hours', 'Saturday: Open 24 hours', 'Sunday: Open 24 hours']",095522 65656,https://www.pulsehospitalpune.com/,True,0.85,7638.03433093537,1,1,2026-04-07T23:26:02.498952,138.0,0
"Ranka Hospital - Multispecialty | Best Orthopedic Hospital |24x7 Emergency | Trauma Care |Urology Hospital in Swargate, Pune","157 / 5, SS Dhage Rd, near Swargate, Mukund Nagar, Pune, Maharashtra 411037, India",General,establishment,ChIJfW4JzxnAwjsRmKLgk_tH8Bc,18.49502,73.861879,"157 / 5, SS Dhage Rd, near Swargate, Mukund Nagar, Pune, Maharashtra 411037, India",4.4,548,True,"['Monday: Open 24 hours', 'Tuesday: Open 24 hours', 'Wednesday: Open 24 hours', 'Thursday: Open 24 hours', 'Friday: Open 24 hours', 'Saturday: Open 24 hours', 'Sunday: Open 24 hours']",020 2426 1530,http://www.rankahospital.com/,True,0.85,2874.477603250029,1,1,2026-04-07T23:26:00.158003,138.0,0
"Sahyadri Hospital, Bibwewadi, Pune","S. No. 573, City No.281, Plot No. 13, Swami Vivekananda Marg, Parshwanath Nagar, Ramyanagari Housing Society, Bibwewadi, Pune, Maharashtra 411037, India",General,establishment,ChIJ6ZFP16LqwjsRFh3sJz75rn4,18.47818,73.8620751,"S. No. 573, City No.281, Plot No. 13, Swami Vivekananda Marg, Parshwanath Nagar, Ramyanagari Housing Society, Bibwewadi, Pune, Maharashtra 411037, India",4.4,1086,True,"['Monday: Open 24 hours', 'Tuesday: Open 24 hours', 'Wednesday: Open 24 hours', 'Thursday: Open 24 hours', 'Friday: Open 24 hours', 'Saturday: Open 24 hours', 'Sunday: Open 24 hours']",088062 52525,https://sahyadrihospital.com/bibwewadi/?utm_source=Google&utm_medium=Organic&utm_campaign=GMB,True,0.85,2588.7976450646506,1,1,2026-04-07T23:26:14.967519,138.0,0
Sai Sneh Hospital,"Pune - Satara Rd, opp. PMT Bus Depot, Katraj Vasahat, Katraj, Pune, Maharashtra 411046, India",General Practice,doctor,ChIJJQvHns7qwjsRy0LYlr8F78U,18.4463945,73.8596512,"Pune - Satara Rd, opp. PMT Bus Depot, Katraj Vasahat, Katraj, Pune, Maharashtra 411046, India",4.7,424,True,"['Monday: Open 24 hours', 'Tuesday: Open 24 hours', 'Wednesday: Open 24 hours', 'Thursday: Open 24 hours', 'Friday: Open 24 hours', 'Saturday: Open 24 hours', 'Sunday: Open 24 hours']",088881 50101,https://www.saisnehhospital.com/,True,0.85,8234.919569889647,1,1,2026-04-07T23:25:57.809303,136.4,1
New Life Child Care Clinic And Hospital,"Chikhali - Kaspate Vasti BRTS Rd, opp. DMart Shri Dnyaneshwar colony, Shriram Colony, Kalewadi, Pimpri-Chinchwad, Maharashtra 411017, India",General,establishment,ChIJn9cmFhi5wjsRWSh224HYYzM,18.6146732,73.78562749999999,"Chikhali - Kaspate Vasti BRTS Rd, opp. DMart Shri Dnyaneshwar colony, Shriram Colony, Kalewadi, Pimpri-Chinchwad, Maharashtra 411017, India",4.3,625,True,"['Monday: Open 24 hours', 'Tuesday: Open 24 hours', 'Wednesday: Open 24 hours', 'Thursday: Open 24 hours', 'Friday: Open 24 hours', 'Saturday: Open 24 hours', 'Sunday: Open 24 hours']",075175 10022,https://newlifechildcare.in/,True,0.85,18778.980214230207,1,1,2026-04-07T23:26:19.384362,136.0,0
Bharati Hospital,"College of Nursing, 3, Pune - Satara Rd, Bharati Vidyapeeth Campus, Dhankawadi, Pune, Maharashtra 411043, India",General,establishment,ChIJHXnTdMfqwjsRZXmanedwbxM,18.459349,73.857241,"College of Nursing, 3, Pune - Satara Rd, Bharati Vidyapeeth Campus, Dhankawadi, Pune, Maharashtra 411043, India",4.2,2872,True,"['Monday: Open 24 hours', 'Tuesday: Open 24 hours', 'Wednesday: Open 24 hours', 'Thursday: Open 24 hours', 'Friday: Open 24 hours', 'Saturday: Open 24 hours', 'Sunday: Open 24 hours']",020 4055 5555,https://bharatihospital.com/,True,0.85,6788.801191680595,1,1,2026-04-07T23:26:01.114592,134.0,0
Parasnis Hospital,"Sitaram Aabaji Bibwe Path, Shree Sant Eknath Nagar, Bibwewadi, Pune, Maharashtra 411037, India",General,establishment,ChIJ_4BxTBzAwjsRP-T4kajnV58,18.4746535,73.8587364,"Sitaram Aabaji Bibwe Path, Shree Sant Eknath Nagar, Bibwewadi, Pune, Maharashtra 411037, India",4.7,393,True,"['Monday: Open 24 hours', 'Tuesday: Open 24 hours', 'Wednesday: Open 24 hours', 'Thursday: Open 24 hours', 'Friday: Open 24 hours', 'Saturday: Open 24 hours', 'Sunday: Open 24 hours']",020 2421 0859,http://www.drharshadparasnisgynonco.com/,True,0.85,2082.9686367670365,1,1,2026-04-07T23:26:13.048429,133.3,1
Kamla Nehru Hospital,"Mangalwar Peth Rd, near Kasba Post Office, Gandhinagar, Mangalwar Peth, Kasba Peth, Pune, Maharashtra 411011, India",General Practice,doctor,ChIJgyCd5mbAwjsRdkRgsczZrMM,18.5227057,73.86221019999999,"Mangalwar Peth Rd, near Kasba Post Office, Gandhinagar, Mangalwar Peth, Kasba Peth, Pune, Maharashtra 411011, India",4.1,869,True,"['Monday: Closed', 'Tuesday: Open 24 hours', 'Wednesday: Closed', 'Thursday: Closed', 'Friday: Closed', 'Saturday: Closed', 'Sunday: Closed']",087899 44965,https://pmc.gov.in/en/image-gallery/album-images/486,True,0.85,635.0265705785338,1,1,2026-04-07T23:26:00.797136,132.0,0
Sangam Hospital - Bibwewadi IVF & Maternity Centre,"21, Sangam Society Rd, near Vivekanand Statue, संगम नगर, Padmavati Nagar, Pune, Maharashtra 411037, India",General,establishment,ChIJS248XKTqwjsR3_3fgfE6-X0,18.4758041,73.8578373,"21, Sangam Society Rd, near Vivekanand Statue, संगम नगर, Padmavati Nagar, Pune, Maharashtra 411037, India",4.7,320,True,"['Monday: Open 24 hours', 'Tuesday: Open 24 hours', 'Wednesday: Open 24 hours', 'Thursday: Open 24 hours', 'Friday: Open 24 hours', 'Saturday: Open 24 hours', 'Sunday: Open 24 hours']",020 2421 2437,https://sangamhospital.in/,True,0.85,4960.287833802366,1,1,2026-04-07T23:26:03.790747,126.0,1
PATIL MULTISPECIALITY HOSPITAL,"first floor, MSR olive, Jambhulwadi Rd, Dattanagar, Ambegaon Budruk, Pune, Maharashtra 411046, India",General,establishment,ChIJ4YU77NHqwjsRScllufKRdP0,18.4474482,73.84890039999999,"first floor, MSR olive, Jambhulwadi Rd, Dattanagar, Ambegaon Budruk, Pune, Maharashtra 411046, India",4.7,316,True,"['Monday: Open 24 hours', 'Tuesday: Open 24 hours', 'Wednesday: Open 24 hours', 'Thursday: Open 24 hours', 'Friday: Open 24 hours', 'Saturday: Open 24 hours', 'Sunday: Open 24 hours']",086051 21899,https://patilhospitalpune.com/,True,0.85,8153.465532708734,1,1,2026-04-07T23:26:02.269428,125.6,1
WEST VALLEY MULTISPECIALITY HOSPITAL PVT LTD - Hospital in Sangamvadi Pune,"1st Floor, Balkrishna Sakharam Dhole Patil Rd, above wellness forever, Sangamvadi, Pune, Maharashtra 411001, India",General,establishment,ChIJZ3EvH0XBwjsRAAItUrKYGMo,18.5352003,73.8765,"1st Floor, Balkrishna Sakharam Dhole Patil Rd, above wellness forever, Sangamvadi, Pune, Maharashtra 411001, India",4.8,295,True,"['Monday: Open 24 hours', 'Tuesday: Open 24 hours', 'Wednesday: Open 24 hours', 'Thursday: Open 24 hours', 'Friday: Open 24 hours', 'Saturday: Open 24 hours', 'Sunday: Open 24 hours']",080 4804 5849,https://westvalleyhospital.in/,True,0.85,2658.2399242764773,1,1,2026-04-07T23:26:02.825085,125.5,1
Phadke Hospital,"S. 1260B, Jangli Maharaj Road Deccan gym khana, S. No, 1260B, Jangali Maharaj Rd, opp. Mc Donald's, Shivajinagar, Pune, Maharashtra 411004, India",General Practice,doctor,ChIJuV-ZOXjAwjsR4ewF2BIWOec,18.5182785,73.843985,"S. 1260B, Jangli Maharaj Road Deccan gym khana, S. No, 1260B, Jangali Maharaj Rd, opp. Mc Donald's, Shivajinagar, Pune, Maharashtra 411004, India",4.7,296,True,"['Monday: Open 24 hours', 'Tuesday: Open 24 hours', 'Wednesday: Open 24 hours', 'Thursday: Open 24 hours', 'Friday: Open 24 hours', 'Saturday: Open 24 hours', 'Sunday: Open 24 hours']",083088 45556,https://phadkehospitalpune.com/,True,0.85,1361.226246528721,1,1,2026-04-07T23:25:52.068000,123.6,1
Madhavbaug Clinic Katraj,"Flat No 1 , 1 st floor , Aagam Apartment , Near Shani Mandir katraj Ambegaon, Service Rd, Santosh Nagar, Katraj, Pune, Maharashtra 411046, India",General Practice,doctor,ChIJpRXMGbnqwjsRfsgIXM6I0lM,18.4489592,73.8545235,"Flat No 1 , 1 st floor , Aagam Apartment , Near Shani Mandir katraj Ambegaon, Service Rd, Santosh Nagar, Katraj, Pune, Maharashtra 411046, India",4.8,202,False,"['Monday: 10:00\u202fAM\u2009–\u20097:00\u202fPM', 'Tuesday: 10:00\u202fAM\u2009–\u20097:00\u202fPM', 'Wednesday: 10:00\u202fAM\u2009–\u20097:00\u202fPM', 'Thursday: Closed', 'Friday: 10:00\u202fAM\u2009–\u20097:00\u202fPM', 'Saturday: 10:00\u202fAM\u2009–\u20097:00\u202fPM', 'Sunday: 10:00\u202fAM\u2009–\u20097:00\u202fPM']",077750 60808,,True,0.6,7947.169840850855,1,0,2026-04-07T23:26:05.584562,116.2,1
Care Hospital Multispeciality,"No. 17/2/1, A/5, Opp Sai Service, Parge (NIBM Link Rd Tilekar Nagar Road Tilekar Nagar, Kondhwa Budruk, Pune, Maharashtra 411048, India",General Practice,doctor,ChIJ6RkHaw3rwjsRpee7-yUMpS0,18.4647175,73.8907322,"No. 17/2/1, A/5, Opp Sai Service, Parge (NIBM Link Rd Tilekar Nagar Road Tilekar Nagar, Kondhwa Budruk, Pune, Maharashtra 411048, India",4.6,242,True,"['Monday: Open 24 hours', 'Tuesday: Open 24 hours', 'Wednesday: Open 24 hours', 'Thursday: Open 24 hours', 'Friday: Open 24 hours', 'Saturday: Open 24 hours', 'Sunday: Open 24 hours']",084460 83755,,True,0.7999999999999999,7156.508075598916,1,0,2026-04-07T23:26:02.162101,116.2,1
HrudaySparsh Heart care Centre,"203 , Centre Point Mitral, Mitra Mandal Chowk, near Laxminarayan theater, Swargate, Pune, Maharashtra 411009, India",General Practice,doctor,ChIJwZt9RhDAwjsRoEViq_qPiQg,18.4971556,73.8554734,"203 , Centre Point Mitral, Mitra Mandal Chowk, near Laxminarayan theater, Swargate, Pune, Maharashtra 411009, India",4.6,230,False,"['Monday: 12:00\u2009–\u20097:00\u202fPM', 'Tuesday: 12:00\u2009–\u20097:00\u202fPM', 'Wednesday: 12:00\u2009–\u20097:00\u202fPM', 'Thursday: 12:00\u2009–\u20097:00\u202fPM', 'Friday: 12:00\u2009–\u20097:00\u202fPM', 'Saturday: 12:00\u2009–\u20097:00\u202fPM', 'Sunday: Closed']",095950 20000,,True,0.6,2587.8933495474257,1,0,2026-04-07T23:26:05.019364,115.0,1
Ghaisas ENT Hospital & Rhinoplasty Centre,"1248 B, NH 753F, Next to Raymond Showroom, Pulachi Wadi, Deccan Gymkhana, Pune, Maharashtra 411004, India",General Practice,doctor,ChIJKVLAA3jAwjsRnskjWI-nGf4,18.5173141,73.84232209999999,"1248 B, NH 753F, Next to Raymond Showroom, Pulachi Wadi, Deccan Gymkhana, Pune, Maharashtra 411004, India",4.1,322,False,"['Monday: 9:00\u202fAM\u2009–\u20098:00\u202fPM', 'Tuesday: 9:00\u202fAM\u2009–\u20098:00\u202fPM', 'Wednesday: 9:00\u202fAM\u2009–\u20098:00\u202fPM', 'Thursday: 9:00\u202fAM\u2009–\u20098:00\u202fPM', 'Friday: 9:00\u202fAM\u2009–\u20098:00\u202fPM', 'Saturday: 9:00\u202fAM\u2009–\u20098:00\u202fPM', 'Sunday: 10:00\u202fAM\u2009–\u200912:00\u202fPM']",096077 72233,http://www.ghaisashospital.com/,True,0.65,1554.3141166142318,1,1,2026-04-07T23:25:52.677179,114.2,0
Siddhivinayak Hospital Sukhsagar Nagar,"Part No. 2, Ambamatha Mandir, Lane No. 3, near Mahesh Bank, Sukhsagar Nagar, Katraj, Pune, Maharashtra 411046, India",General,establishment,ChIJ_cH0QjvrwjsRON_jGooY_dA,18.4558945,73.8710775,"Part No. 2, Ambamatha Mandir, Lane No. 3, near Mahesh Bank, Sukhsagar Nagar, Katraj, Pune, Maharashtra 411046, India",4.7,188,True,"['Monday: Open 24 hours', 'Tuesday: Open 24 hours', 'Wednesday: Open 24 hours', 'Thursday: Open 24 hours', 'Friday: Open 24 hours', 'Saturday: Open 24 hours', 'Sunday: Open 24 hours']",020 2696 1600,,True,0.7999999999999999,7331.183178022654,1,0,2026-04-07T23:25:58.151134,112.8,1
"Niragas Children Hospital, Bhosari","1st Floor, Vitthal Arcade, Mankikar Bus Stop, Pune - Nashik Hwy, above Sonigara Jewellers, Vitthal Arcade, Gavhanevasti, Bhosari, Pune, Pimpri-Chinchwad, Maharashtra 411039, India",General,establishment,ChIJiapZltnHwjsR9uJ0TFOkQKI,18.61884,73.8497083,"1st Floor, Vitthal Arcade, Mankikar Bus Stop, Pune - Nashik Hwy, above Sonigara Jewellers, Vitthal Arcade, Gavhanevasti, Bhosari, Pune, Pimpri-Chinchwad, Maharashtra 411039, India",4.5,214,False,"['Monday: 11:00\u202fAM\u2009–\u20092:00\u202fPM, 7:00\u2009–\u20099:00\u202fPM', 'Tuesday: 11:00\u202fAM\u2009–\u20092:00\u202fPM, 7:00\u2009–\u20099:00\u202fPM', 'Wednesday: 11:00\u202fAM\u2009–\u20092:00\u202fPM, 7:00\u2009–\u20099:00\u202fPM', 'Thursday: 7:00\u2009–\u20099:00\u202fPM', 'Friday: 11:00\u202fAM\u2009–\u20092:00\u202fPM, 7:00\u2009–\u20099:00\u202fPM', 'Saturday: 11:00\u202fAM\u2009–\u20092:00\u202fPM, 7:00\u2009–\u20099:00\u202fPM', 'Sunday: 11:00\u202fAM\u2009–\u20092:00\u202fPM, 7:00\u2009–\u20099:00\u202fPM']",098349 67768,http://niragashospital.com/,True,0.65,10970.809462627092,1,1,2026-04-07T23:26:04.013214,111.4,1
Bhosale Dental Clinic,"SHOP NO 4, Kedareshwar Residency, ROAD, near AANANDI HOSPITAL, Palshi, Shirwal, Maharashtra 412801, India",General,establishment,ChIJPYGWFX73wjsRaH1INQbqAGg,18.143219,73.975303,"SHOP NO 4, Kedareshwar Residency, ROAD, near AANANDI HOSPITAL, Palshi, Shirwal, Maharashtra 412801, India",5.0,105,False,"['Monday: 9:30\u202fAM\u2009–\u20098:00\u202fPM', 'Tuesday: 9:30\u202fAM\u2009–\u20098:00\u202fPM', 'Wednesday: 9:30\u202fAM\u2009–\u20098:00\u202fPM', 'Thursday: 9:30\u202fAM\u2009–\u20098:00\u202fPM', 'Friday: 9:30\u202fAM\u2009–\u20091:00\u202fPM', 'Saturday: 9:30\u202fAM\u2009–\u20098:00\u202fPM', 'Sunday: 10:00\u202fAM\u2009–\u20098:00\u202fPM']",093260 62234,https://bhosaledentalclinic.com/,True,0.65,4754.870922730033,1,1,2026-04-07T23:26:38.598422,110.5,1
Anandi hospital and ICU,"Rd to Palshi Village, beside Kedareshwar Rudra, Shirwal, Maharashtra 412801, India",General,establishment,ChIJPaOoDPb3wjsRIgAC7ncfjfU,18.142906,73.97518320000002,"Rd to Palshi Village, beside Kedareshwar Rudra, Shirwal, Maharashtra 412801, India",4.9,118,True,"['Monday: Open 24 hours', 'Tuesday: Open 24 hours', 'Wednesday: Open 24 hours', 'Thursday: Open 24 hours', 'Friday: Open 24 hours', 'Saturday: Open 24 hours', 'Sunday: Open 24 hours']",082373 81635,,True,0.7999999999999999,4769.97027708495,1,0,2026-04-07T23:26:38.851963,109.8,1
Arise Children Hospital,"Plot 69, sector 18, Mahatma Fule Nagar, Chikhali Akurdi Rd, Sector Number 18, M Phulenagar, Jijamata Park, Chinchwad, Pune, Pimpri-Chinchwad, Maharashtra 411019, India",General Practice,doctor,ChIJu5Lgw9e3wjsRTZI6KBr88Lg,18.6660936,73.7958961,"Plot 69, sector 18, Mahatma Fule Nagar, Chikhali Akurdi Rd, Sector Number 18, M Phulenagar, Jijamata Park, Chinchwad, Pune, Pimpri-Chinchwad, Maharashtra 411019, India",4.6,171,True,"['Monday: Open 24 hours', 'Tuesday: Open 24 hours', 'Wednesday: Open 24 hours', 'Thursday: Open 24 hours', 'Friday: Open 24 hours', 'Saturday: Open 24 hours', 'Sunday: Open 24 hours']",077700 11325,http://arisehospital.in/,True,0.85,17421.755628432733,1,1,2026-04-07T23:26:04.332736,109.1,1
Lopmudra Meera Multispeciality Hospitals,"710, 710, Shankar Sheth Rd, Chitragupt Colony, Shanti Nagar Society, Katad Khana, Pune, Maharashtra 411042, India",General Practice,doctor,ChIJq4cTQpDBwjsRQ58i97GMoDU,18.5021962,73.87469519999999,"710, 710, Shankar Sheth Rd, Chitragupt Colony, Shanti Nagar Society, Katad Khana, Pune, Maharashtra 411042, India",4.7,147,True,"['Monday: Open 24 hours', 'Tuesday: Open 24 hours', 'Wednesday: Open 24 hours', 'Thursday: Open 24 hours', 'Friday: Open 24 hours', 'Saturday: Open 24 hours', 'Sunday: Open 24 hours']",080871 22022,https://lopmudrahospitals.com/,True,0.85,2774.4492639059004,1,1,2026-04-07T23:26:02.050094,108.7,1
Sinhgad Dental College And Hospital,"S. No. 44/1, Vadgaon Budruk, 0ff, Sinhgad College Rd, Vadgaon Budruk, Pune, Maharashtra 411041, India",General,establishment,ChIJMyz6EU6VwjsRIa5oycp_9Gs,18.4691769,73.8353462,"S. No. 44/1, Vadgaon Budruk, 0ff, Sinhgad College Rd, Vadgaon Budruk, Pune, Maharashtra 411041, India",4.2,246,False,"['Monday: 9:00\u202fAM\u2009–\u20094:00\u202fPM', 'Tuesday: 9:00\u202fAM\u2009–\u20094:00\u202fPM', 'Wednesday: 9:00\u202fAM\u2009–\u20094:00\u202fPM', 'Thursday: 9:00\u202fAM\u2009–\u20094:00\u202fPM', 'Friday: 9:00\u202fAM\u2009–\u20094:00\u202fPM', 'Saturday: 9:00\u202fAM\u2009–\u20092:00\u202fPM', 'Sunday: Closed']",020 2435 1305,http://sdch.sinhgad.edu/,True,0.65,2083.879810122848,1,1,2026-04-07T23:26:14.723391,108.6,0
Darekar Superspeciality Hospital and Robotic Joint Replacement Centre Pune,"Shiv Pushpa landmark 2nd floor suncity road, Sinhagad road, Sinhgad Rd, Anand Nagar, Pune, Maharashtra 411051, India",General Practice,doctor,ChIJMdHzo1yVwjsR5YB0RvbZmH0,18.4777054,73.82034019999999,"Shiv Pushpa landmark 2nd floor suncity road, Sinhagad road, Sinhgad Rd, Anand Nagar, Pune, Maharashtra 411051, India",4.7,139,True,"['Monday: Open 24 hours', 'Tuesday: Open 24 hours', 'Wednesday: Open 24 hours', 'Thursday: Open 24 hours', 'Friday: Open 24 hours', 'Saturday: Open 24 hours', 'Sunday: Open 24 hours']",097669 55988,http://www.roboticjointreplacementpune.com/,True,0.85,3920.248296804773,1,1,2026-04-07T23:26:18.008598,107.9,1
Dr. Aniket Gaikwad Shree Vishwaraj Ayurveda & Panchkarma Clinic डॉ.अनिकेत गायकवाड यांचे विश्वराज आयुर्वेद व पंचकर्म क्लिनिक,"1st Floor, Jadhav Building, Main Bridge, opposite Palashi Underpass, near Roman Lassi Center, Shirwal, Maharashtra 412801, India",General,establishment,ChIJyaO1uf_3wjsR0zlk9FjLMDA,18.144545,73.9768781,"1st Floor, Jadhav Building, Main Bridge, opposite Palashi Underpass, near Roman Lassi Center, Shirwal, Maharashtra 412801, India",5.0,77,False,"['Monday: 11:00\u202fAM\u2009–\u20094:00\u202fPM', 'Tuesday: Closed', 'Wednesday: Closed', 'Thursday: Closed', 'Friday: 11:00\u202fAM\u2009–\u20094:00\u202fPM', 'Saturday: Closed', 'Sunday: Closed']",070200 52223,,True,0.6,4580.880231378591,1,0,2026-04-07T23:26:36.662106,107.7,1
Central Pune Doctor House | Near me in Bund Garden Pune | Multispeciality Clinic Near Me Ghorpadi Pune,"G1B, The Metropole, Central Pune Doctor House, Bund Garden Rd, next to Inox theatre, Agarkar Nagar, Pune, Maharashtra 411001, India",General Practice,doctor,ChIJK2QPkIPBwjsRbsXhSx3CNjA,18.5273096,73.87803679999999,"G1B, The Metropole, Central Pune Doctor House, Bund Garden Rd, next to Inox theatre, Agarkar Nagar, Pune, Maharashtra 411001, India",4.9,93,False,"['Monday: 9:00\u202fAM\u2009–\u20099:00\u202fPM', 'Tuesday: 9:00\u202fAM\u2009–\u20099:00\u202fPM', 'Wednesday: 9:00\u202fAM\u2009–\u20099:00\u202fPM', 'Thursday: 9:00\u202fAM\u2009–\u20099:00\u202fPM', 'Friday: 9:00\u202fAM\u2009–\u20099:00\u202fPM', 'Saturday: 9:00\u202fAM\u2009–\u20099:00\u202fPM', 'Sunday: 9:00\u202fAM\u2009–\u20099:00\u202fPM']",090902 04747,https://www.centralpdh.com/,True,0.65,2377.2085853430194,1,1,2026-04-07T23:26:05.896852,107.3,1
Little Miracle Children Hospital,"3rd floor, WESTWOOD ESTATES, Kaspate Wasti, Wakad, pune, Pimpri-Chinchwad, Maharashtra 411057, India",General,establishment,ChIJrwPF2yq5wjsReKnhx6VzKxs,18.5946934,73.7689491,"3rd floor, WESTWOOD ESTATES, Kaspate Wasti, Wakad, pune, Pimpri-Chinchwad, Maharashtra 411057, India",4.5,163,True,"['Monday: Open 24 hours', 'Tuesday: Open 24 hours', 'Wednesday: Open 24 hours', 'Thursday: Open 24 hours', 'Friday: Open 24 hours', 'Saturday: Open 24 hours', 'Sunday: Open 24 hours']",074200 89372,,True,0.7999999999999999,17526.955341844015,1,0,2026-04-07T23:26:19.708901,106.3,1
Wagh Eye Clinic,"Mugut Apartment, 1194, Ghole Rd, opposite Suman Nursing Home, Sumukh Society, Sud Nagar, Shivajinagar, Pune, Maharashtra 411005, India",General,establishment,ChIJGcZVIQvAwjsRfp998n2QfSw,18.525274,73.8437252,"Mugut Apartment, 1194, Ghole Rd, opposite Suman Nursing Home, Sumukh Society, Sud Nagar, Shivajinagar, Pune, Maharashtra 411005, India",4.7,114,False,"['Monday: 9:00\u202fAM\u2009–\u20097:00\u202fPM', 'Tuesday: 9:00\u202fAM\u2009–\u20097:00\u202fPM', 'Wednesday: 9:00\u202fAM\u2009–\u20097:00\u202fPM', 'Thursday: 9:00\u202fAM\u2009–\u20097:00\u202fPM', 'Friday: 9:00\u202fAM\u2009–\u20097:00\u202fPM', 'Saturday: 9:00\u202fAM\u2009–\u20097:00\u202fPM', 'Sunday: Closed']",020 2553 8090,http://www.wagheyeclinic.com/,True,0.65,1471.4391990240874,1,1,2026-04-07T23:25:55.839642,105.4,1
Pritam Children Hospital | Child Specialist Bhosari | Pediatric | Child Hospital | Child Vaccination Centre Pimpri Chinchwad,"Pune - Nashik Hwy, APTE Colony, Bhosari, Pimpri-Chinchwad, Maharashtra 411039, India",General Practice,doctor,ChIJZ2AaDnnHwjsR2cqFbWeMXwE,18.6175513,73.8500537,"Pune - Nashik Hwy, APTE Colony, Bhosari, Pimpri-Chinchwad, Maharashtra 411039, India",4.2,213,True,"['Monday: Open 24 hours', 'Tuesday: Open 24 hours', 'Wednesday: Open 24 hours', 'Thursday: Open 24 hours', 'Friday: Open 24 hours', 'Saturday: Open 24 hours', 'Sunday: Open 24 hours']",080 4275 3657,https://www.pritamchildrenshospital.com/,True,0.85,10825.42367842935,1,1,2026-04-07T23:26:04.664271,105.3,0
Spire Hospital - Best Superspeciality Orthopaedics and Surgical Hospital in Pune,"Bibwewadi Kondhwa Rd, Burhani Colony, Market Yard, Bibwewadi, Pune, Maharashtra 411037, India",General Practice,doctor,ChIJrSuoF5zqwjsR0KZj6aCjjlY,18.4813938,73.872293,"Bibwewadi Kondhwa Rd, Burhani Colony, Market Yard, Bibwewadi, Pune, Maharashtra 411037, India",4.6,127,True,"['Monday: Open 24 hours', 'Tuesday: Open 24 hours', 'Wednesday: Open 24 hours', 'Thursday: Open 24 hours', 'Friday: Open 24 hours', 'Saturday: Open 24 hours', 'Sunday: Open 24 hours']",091759 83868,https://spirehospital.in/,True,0.85,4638.498648497973,1,1,2026-04-07T23:26:00.460680,104.7,1
Dr Dada Gujar Hospital for Mother & Child,"Plot no. 159-173 175 to 190, opposite Sane Guruji Primary School, Malwadi, Hadapsar, Pune, Maharashtra 411028, India",General Practice,doctor,ChIJ9b3-bCvDwjsRjFggNBtRG1c,18.5047849,73.9373609,"Plot no. 159-173 175 to 190, opposite Sane Guruji Primary School, Malwadi, Hadapsar, Pune, Maharashtra 411028, India",4.7,106,True,"['Monday: Open 24 hours', 'Tuesday: Open 24 hours', 'Wednesday: Open 24 hours', 'Thursday: Open 24 hours', 'Friday: Open 24 hours', 'Saturday: Open 24 hours', 'Sunday: Open 24 hours']",080 4369 4807,https://www.dadagujarhospital.net/,True,0.85,40831.21988107032,1,1,2026-04-07T23:26:39.805800,104.6,1
Sadguru Multispeciality Hospital,"Lipane vasti, Jambhulwadi Rd, near shaninagar, Shani Nagar, Ambegaon Khurd, Pune, Maharashtra 411046, India",General,establishment,ChIJVbflw9XqwjsRV1ILOM0xBe8,18.4378637,73.8466782,"Lipane vasti, Jambhulwadi Rd, near shaninagar, Shani Nagar, Ambegaon Khurd, Pune, Maharashtra 411046, India",4.6,115,True,"['Monday: Open 24 hours', 'Tuesday: Open 24 hours', 'Wednesday: Open 24 hours', 'Thursday: Open 24 hours', 'Friday: Open 24 hours', 'Saturday: Open 24 hours', 'Sunday: Open 24 hours']",090967 43333,,True,0.7999999999999999,9238.275737382804,1,0,2026-04-07T23:26:02.384163,103.5,1
Dr Sada Multispecialty Hospital,"Haji Kadirbhai Satarkar Marg, Pitale Nagar Colony, Burhanj Baug-B Colony, Market Yard, Gultekadi, Pune, Maharashtra 411037, India",General Practice,doctor,ChIJ1eKn-p3qwjsRzTJ5PGnqk4c,18.4844354,73.8721009,"Haji Kadirbhai Satarkar Marg, Pitale Nagar Colony, Burhanj Baug-B Colony, Market Yard, Gultekadi, Pune, Maharashtra 411037, India",4.8,69,True,"['Monday: Open 24 hours', 'Tuesday: Open 24 hours', 'Wednesday: Open 24 hours', 'Thursday: Open 24 hours', 'Friday: Open 24 hours', 'Saturday: Open 24 hours', 'Sunday: Open 24 hours']",070204 22097,https://www.doctorsada.com/,True,0.85,3743.984508316673,1,1,2026-04-07T23:26:17.382113,102.9,1
Dhanwantari clinic Dr. Yogesh Vaishampayan,"Sathe appartments, 401, near Ahilya Devi High school, Shaniwar Peth, Pune, Maharashtra 411030, India",General,establishment,ChIJvZro6nrAwjsRpt-oSFjo-XA,18.5179309,73.8516732,"Sathe appartments, 401, near Ahilya Devi High school, Shaniwar Peth, Pune, Maharashtra 411030, India",4.9,48,False,"['Monday: 10:00\u202fAM\u2009–\u20091:00\u202fPM, 6:30\u2009–\u20099:00\u202fPM', 'Tuesday: 10:00\u202fAM\u2009–\u20091:00\u202fPM, 6:30\u2009–\u20099:00\u202fPM', 'Wednesday: 10:00\u202fAM\u2009–\u20091:00\u202fPM, 6:30\u2009–\u20099:00\u202fPM', 'Thursday: 10:00\u202fAM\u2009–\u20091:00\u202fPM, 6:30\u2009–\u20099:00\u202fPM', 'Friday: 10:00\u202fAM\u2009–\u20091:00\u202fPM, 6:30\u2009–\u20099:00\u202fPM', 'Saturday: Closed', 'Sunday: Closed']",090284 63779,https://www.facebook.com/dhanwantariclinic?mibextid=ZbWKwL,True,0.65,596.9000495094049,1,1,2026-04-07T23:25:57.145532,102.8,1
Dr. Sawant Clinic (Dr. Shriyog Sawant),"chawdi chowk, Shirwal, Maharashtra 412801, India",General,establishment,ChIJ8cROIUr2wjsROh1w3LtY2dM,18.1500797,73.9773584,"chawdi chowk, Shirwal, Maharashtra 412801, India",4.8,66,False,"['Monday: 9:30\u202fAM\u2009–\u20091:30\u202fPM, 4:30\u2009–\u20098:00\u202fPM', 'Tuesday: 9:30\u202fAM\u2009–\u20091:30\u202fPM, 4:30\u2009–\u20098:00\u202fPM', 'Wednesday: 9:30\u202fAM\u2009–\u20091:30\u202fPM, 4:30\u2009–\u20098:00\u202fPM', 'Thursday: 9:30\u202fAM\u2009–\u20091:30\u202fPM, 4:30\u2009–\u20098:00\u202fPM', 'Friday: 9:30\u202fAM\u2009–\u20091:30\u202fPM, 4:30\u2009–\u20098:00\u202fPM', 'Saturday: 9:30\u202fAM\u2009–\u20091:30\u202fPM, 4:30\u2009–\u20098:00\u202fPM', 'Sunday: Closed']",094214 30909,,True,0.6,4548.371410155575,1,0,2026-04-07T23:26:36.099893,102.6,1
"Bhide Hospital - IVF Centre, Pediatrician, Pediatric Doctor, Child Specialist, Test Tube Baby Centre in Navi Peth","18, Laxmi Park, Lal Bahadur Shastri Rd, Opp Senadatta Police Chowk, Navi Peth, Sadashiv Peth, Pune, Maharashtra 411030, India",General Practice,doctor,ChIJkbVS2grAwjsRqRHxxjWDlmc,18.5048754,73.8443731,"18, Laxmi Park, Lal Bahadur Shastri Rd, Opp Senadatta Police Chowk, Navi Peth, Sadashiv Peth, Pune, Maharashtra 411030, India",4.6,104,False,"['Monday: 9:00\u202fAM\u2009–\u20099:00\u202fPM', 'Tuesday: 9:00\u202fAM\u2009–\u20099:00\u202fPM', 'Wednesday: 9:00\u202fAM\u2009–\u20099:00\u202fPM', 'Thursday: 9:00\u202fAM\u2009–\u20095:00\u202fPM', 'Friday: 9:00\u202fAM\u2009–\u20099:00\u202fPM', 'Saturday: 11:00\u202fAM\u2009–\u20092:00\u202fPM', 'Sunday: Closed']",088055 18178,https://bhidehospital.in/,True,0.65,2160.865563401892,1,1,2026-04-07T23:25:51.682009,102.4,1
Shree Saiprasad Hospital,"S.No. 49, 3/5, Gujarwadi Rd, Phata, Katrajnagar, Katraj, Pune, Maharashtra 411046, India",General,establishment,ChIJN0Blg9_qwjsRd-7iqQhWzZk,18.4387784,73.8627951,"S.No. 49, 3/5, Gujarwadi Rd, Phata, Katrajnagar, Katraj, Pune, Maharashtra 411046, India",5.0,21,True,"['Monday: Open 24 hours', 'Tuesday: Open 24 hours', 'Wednesday: Open 24 hours', 'Thursday: Open 24 hours', 'Friday: Open 24 hours', 'Saturday: Open 24 hours', 'Sunday: 10:00\u202fAM\u2009–\u200911:00\u202fPM']",098600 49991,,True,0.7999999999999999,9098.642276417551,1,0,2026-04-07T23:25:59.261735,102.1,1
Suprabha Heart Centre & Speciality Clinic,"Centre Point, Second Floor, Shop, No. 208, 209, 210, Mitra Mandal Chowk, Parvati, Parvati Paytha, Pune, Maharashtra 411009, India",General,establishment,ChIJy-OkPhfAwjsRqnZbJRZ9_XU,18.497107,73.85587,"Centre Point, Second Floor, Shop, No. 208, 209, 210, Mitra Mandal Chowk, Parvati, Parvati Paytha, Pune, Maharashtra 411009, India",4.7,67,False,"['Monday: 9:00\u202fAM\u2009–\u20092:00\u202fPM', 'Tuesday: 9:00\u202fAM\u2009–\u20092:00\u202fPM', 'Wednesday: 9:00\u202fAM\u2009–\u20092:00\u202fPM', 'Thursday: 9:00\u202fAM\u2009–\u20092:00\u202fPM', 'Friday: 9:00\u202fAM\u2009–\u20092:00\u202fPM', 'Saturday: 9:00\u202fAM\u2009–\u20092:00\u202fPM', 'Sunday: Closed']",098230 53241,,True,0.6,4436.437125629558,1,0,2026-04-07T23:26:19.820814,100.7,1
Dr.Dhumal SGM Multispeciality Hospital,"shahaji chowk, police station, dist, near grampanchayat office, Shirwal, Maharashtra 412801, India",General,establishment,ChIJoxWtGDb2wjsROSXiqowcobA,18.1481875,73.9756875,"shahaji chowk, police station, dist, near grampanchayat office, Shirwal, Maharashtra 412801, India",5.0,3,True,"['Monday: Open 24 hours', 'Tuesday: Open 24 hours', 'Wednesday: Open 24 hours', 'Thursday: Open 24 hours', 'Friday: Open 24 hours', 'Saturday: Open 24 hours', 'Sunday: Open 24 hours']",,,True,0.7,4709.096015783824,0,0,2026-04-07T23:26:37.999731,100.3,1
Matoshri Clinic,"4XVG+J92, Shirwal, Maharashtra 412801, India",General,establishment,ChIJ906sAAD3wjsRzNR68PN_lF4,18.1440198,73.9758866,"4XVG+J92, Shirwal, Maharashtra 412801, India",5.0,3,False,"['Monday: 8:00\u202fAM\u2009–\u20099:00\u202fPM', 'Tuesday: 8:00\u202fAM\u2009–\u20099:00\u202fPM', 'Wednesday: 8:00\u202fAM\u2009–\u20099:00\u202fPM', 'Thursday: 8:00\u202fAM\u2009–\u20099:00\u202fPM', 'Friday: 8:00\u202fAM\u2009–\u20099:00\u202fPM', 'Saturday: 8:00\u202fAM\u2009–\u20099:00\u202fPM', 'Sunday: 8:00\u202fAM\u2009–\u20099:00\u202fPM']",,,True,0.5,4688.099613044175,0,0,2026-04-07T23:26:37.866995,100.3,1
Neo Clinic,"917/21, Mayur Centre, Fergusson College Road, Fergusson College Road, Fergusson College Rd, Ganeshwadi, Shivajinagar, Pune, Maharashtra 411004, India",General,establishment,ChIJ____P4-_wjsRrgB0wK0mP-Y,18.520416,73.84096,"917/21, Mayur Centre, Fergusson College Road, Fergusson College Road, Fergusson College Rd, Ganeshwadi, Shivajinagar, Pune, Maharashtra 411004, India",5.0,3,False,[],020 2565 6664,https://neoclinic.co/,True,0.65,1659.5668255886278,1,1,2026-04-07T23:25:51.575191,100.3,1
Child Care Clinic,"Shop no. 5, balaji vishwa, Main Rd, below Gore hospital, Palshi, Shirwal, Maharashtra 412801, India",General,establishment,ChIJ0YOemK73wjsR3FFUN9QphzU,18.143637,73.9752499,"Shop no. 5, balaji vishwa, Main Rd, below Gore hospital, Palshi, Shirwal, Maharashtra 412801, India",5.0,2,False,"['Monday: 5:00\u2009–\u20099:00\u202fPM', 'Tuesday: 5:00\u2009–\u20099:00\u202fPM', 'Wednesday: 5:00\u2009–\u20099:00\u202fPM', 'Thursday: 5:00\u2009–\u20099:00\u202fPM', 'Friday: 5:00\u2009–\u20099:00\u202fPM', 'Saturday: 5:00\u2009–\u20099:00\u202fPM', 'Sunday: 5:00\u2009–\u20099:00\u202fPM']",097308 48099,,True,0.6,4757.561576665234,1,0,2026-04-07T23:26:38.725180,100.2,1
Homeopathic Hospitals,"GV82+MFV, Prabhune Rd, Narayan Peth, Pune, Maharashtra 411030, India",General Practice,doctor,ChIJB9TLZnDAwjsRtJNFGKif4is,18.5167363,73.851169,"GV82+MFV, Prabhune Rd, Narayan Peth, Pune, Maharashtra 411030, India",5.0,2,False,[],,,True,0.5,711.3748973474337,0,0,2026-04-07T23:25:52.177969,100.2,1
Matoshri Clinic,"4XWG+RP5, Shivaji Chowk, Shirwal, Maharashtra 412801, India",General,establishment,ChIJxUyHfQD3wjsRgv3vsdtnGOs,18.1470163,73.9768649,"4XWG+RP5, Shivaji Chowk, Shirwal, Maharashtra 412801, India",5.0,2,False,"['Monday: 8:30\u202fAM\u2009–\u20099:00\u202fPM', 'Tuesday: 8:30\u202fAM\u2009–\u20099:00\u202fPM', 'Wednesday: 8:30\u202fAM\u2009–\u20099:00\u202fPM', 'Thursday: 8:30\u202fAM\u2009–\u20099:00\u202fPM', 'Friday: 8:30\u202fAM\u2009–\u20099:00\u202fPM', 'Saturday: 8:30\u202fAM\u2009–\u20099:00\u202fPM', 'Sunday: 8:30\u202fAM\u2009–\u20099:00\u202fPM']",,,True,0.5,4580.11164861592,0,0,2026-04-07T23:26:36.540589,100.2,1
Tarabai Limaye Hospital,"366, Laxmi Rd, opp. Gokhale Hall, Narayan Peth, Pune, Maharashtra 411030, India",General,establishment,ChIJy7cuKnTAwjsRUQgqxN1yS1c,18.51415,73.8488371,"366, Laxmi Rd, opp. Gokhale Hall, Narayan Peth, Pune, Maharashtra 411030, India",5.0,2,False,"['Monday: 9:30\u202fAM\u2009–\u20096:00\u202fPM', 'Tuesday: 9:30\u202fAM\u2009–\u20096:00\u202fPM', 'Wednesday: 9:30\u202fAM\u2009–\u20096:00\u202fPM', 'Thursday: 9:30\u202fAM\u2009–\u20096:00\u202fPM', 'Friday: 9:30\u202fAM\u2009–\u20096:00\u202fPM', 'Saturday: 9:30\u202fAM\u2009–\u20096:00\u202fPM', 'Sunday: Closed']",020 2445 4008,,True,0.6,1081.8059153045554,1,0,2026-04-07T23:25:55.608053,100.2,1
Navjeevan Children's Clinic,"6, Narveer Tanaji Malusare Rd, Wadgaon Budruk, Narhe, Pune, Maharashtra 411068, India",General,establishment,ChIJM0R8oWmVwjsROWDsRsugFQY,18.4645997,73.8155233,"6, Narveer Tanaji Malusare Rd, Wadgaon Budruk, Narhe, Pune, Maharashtra 411068, India",4.6,82,False,"['Monday: 9:00\u202fAM\u2009–\u20091:30\u202fPM, 6:00\u2009–\u20099:00\u202fPM', 'Tuesday: 9:00\u202fAM\u2009–\u20091:30\u202fPM, 6:00\u2009–\u20099:00\u202fPM', 'Wednesday: 9:00\u202fAM\u2009–\u20091:30\u202fPM, 6:00\u2009–\u20099:00\u202fPM', 'Thursday: 9:00\u202fAM\u2009–\u20091:30\u202fPM, 6:00\u2009–\u20099:00\u202fPM', 'Friday: 9:00\u202fAM\u2009–\u20091:30\u202fPM, 6:00\u2009–\u20099:00\u202fPM', 'Saturday: 9:00\u202fAM\u2009–\u20091:30\u202fPM, 6:00\u2009–\u20099:00\u202fPM', 'Sunday: 9:00\u202fAM\u2009–\u20091:30\u202fPM']",,,True,0.5,7573.197939681609,0,0,2026-04-07T23:26:03.673548,100.2,1
Dr. Liman Hospital (Shakti Om Arogya Dharm),"4XWH+R44, Shirwal, Maharashtra 412801, India",General,establishment,ChIJva3O3DX2wjsRbXCI0ugvv3g,18.1470153,73.9778352,"4XWH+R44, Shirwal, Maharashtra 412801, India",5.0,1,False,[],,,True,0.5,4477.608898640809,0,0,2026-04-07T23:26:35.861800,100.1,1
Dr. Sharad Kamble General Physician in Pune,"Siddhi Hospital, Pune - Satara Rd, near Kushabo hotel And Dhankawde Patil Township, Balaji Nagar, Pune, Satara, Maharashtra 412801, India",General Practice,doctor,ChIJx-lhHd5ZwjsRH3vdgC7MGG8,18.1190362,73.98721259999999,"Siddhi Hospital, Pune - Satara Rd, near Kushabo hotel And Dhankawde Patil Township, Balaji Nagar, Pune, Satara, Maharashtra 412801, India",5.0,1,False,"['Monday: 11:00\u202fAM\u2009–\u20092:00\u202fPM, 7:00\u2009–\u20099:00\u202fPM', 'Tuesday: 11:00\u202fAM\u2009–\u20092:00\u202fPM, 7:00\u2009–\u20099:00\u202fPM', 'Wednesday: 11:00\u202fAM\u2009–\u20092:00\u202fPM, 7:00\u2009–\u20099:00\u202fPM', 'Thursday: 11:00\u202fAM\u2009–\u20092:00\u202fPM, 7:00\u2009–\u20099:00\u202fPM', 'Friday: 11:00\u202fAM\u2009–\u20092:00\u202fPM, 7:00\u2009–\u20099:00\u202fPM', 'Saturday: 11:00\u202fAM\u2009–\u20092:00\u202fPM, 7:00\u2009–\u20099:00\u202fPM', 'Sunday: Closed']",,https://drsharadbkamble.getmy.clinic/?utm_source=gmb&utm_medium=web&utm_campaign=tu,True,0.55,4605.164900475771,0,1,2026-04-07T23:26:37.275850,100.1,1
Hospital,"4XXF+V8M, Service Rd, Shirwal, Maharashtra 412801, India",General,establishment,ChIJSeN2ldP3wjsRUJlL4q5gl0M,18.1497145,73.9732942,"4XXF+V8M, Service Rd, Shirwal, Maharashtra 412801, India",5.0,1,False,[],,,True,0.5,4972.505340791798,0,0,2026-04-07T23:26:39.695925,100.1,1
Joshi Clinic For Women,"Phase 1, Ganga Dham, Pune, Maharashtra 411037, India",General,establishment,ChIJ38-qaJzqwjsR1fsoUUtk9eI,18.4805168,73.873492,"Phase 1, Ganga Dham, Pune, Maharashtra 411037, India",5.0,1,False,[],099218 34834,,True,0.6,3504.005054464152,1,0,2026-04-07T23:26:16.772538,100.1,1
Maharashtra Hospital,"New Modikhana, Pune, Maharashtra 411001, India",General,establishment,ChIJmWMGlzfAwjsR2E8SV-DQt6I,18.506764,73.8785244,"New Modikhana, Pune, Maharashtra 411001, India",5.0,1,False,[],,,True,0.5,2755.798757357132,0,0,2026-04-07T23:25:56.200336,100.1,1
Siddhivinayak Multi Speciality Hospital,"No. 3, Katraj - Kondhwa Rd, गणेश पेठ, Rajas Society, Kondhwa Budruk, Pune, Maharashtra 411046, India",General,establishment,ChIJ0xqhKO_qwjsRu4GikoEM8lU,18.449792,73.8741684,"No. 3, Katraj - Kondhwa Rd, गणेश पेठ, Rajas Society, Kondhwa Budruk, Pune, Maharashtra 411046, India",5.0,1,True,"['Monday: Open 24 hours', 'Tuesday: Open 24 hours', 'Wednesday: Open 24 hours', 'Thursday: Open 24 hours', 'Friday: Open 24 hours', 'Saturday: Open 24 hours', 'Sunday: Open 24 hours']",080 4805 2901,https://www.siddhivinayakmultispecialityvelu.com/,True,0.85,8064.476495063142,1,1,2026-04-07T23:25:59.819013,100.1,1
Siddhivinayak multispeciality hospital,"At.Post Velu, Pune Satara Road Behind Central Bank, Taluka Bhor, Velu, Moh tarf shirwal, Maharashtra 412801, India",General,establishment,ChIJ_av3HMdZwjsRcWVUZQdwNAw,18.1190444,73.987209,"At.Post Velu, Pune Satara Road Behind Central Bank, Taluka Bhor, Velu, Moh tarf shirwal, Maharashtra 412801, India",5.0,1,True,"['Monday: Open 24 hours', 'Tuesday: Open 24 hours', 'Wednesday: Open 24 hours', 'Thursday: Open 24 hours', 'Friday: Open 24 hours', 'Saturday: Open 24 hours', 'Sunday: Open 24 hours']",,,True,0.7,4604.857057620144,0,0,2026-04-07T23:26:37.034018,100.1,1
"Venkatesh Clinic, Nilesh Complex","629/2, Late Laxman Daduji Bibwe Rd, Bibwewadi, Pune, Maharashtra 411037, India",General,establishment,ChIJxQ4E-ZfqwjsR5CGouSIGGjo,18.47284,73.865954,"629/2, Late Laxman Daduji Bibwe Rd, Bibwewadi, Pune, Maharashtra 411037, India",5.0,1,False,"['Monday: 9:30\u202fAM\u2009–\u20098:00\u202fPM', 'Tuesday: 9:30\u202fAM\u2009–\u20098:00\u202fPM', 'Wednesday: 9:30\u202fAM\u2009–\u20098:00\u202fPM', 'Thursday: 9:30\u202fAM\u2009–\u20098:00\u202fPM', 'Friday: 9:30\u202fAM\u2009–\u20098:00\u202fPM', 'Saturday: 9:30\u202fAM\u2009–\u20098:00\u202fPM', 'Sunday: Closed']",020 2422 2826,,True,0.6,2337.5337468707307,1,0,2026-04-07T23:26:14.835137,100.1,1
Vaibhavi Hospital,"Chintamani Plaza, Solapur - Pune Hwy, opp. Akashwani Kendra, Gajanan Colony, Utkarsh Nagar, Hadapsar, Pune, Maharashtra 411028, India",General,establishment,ChIJX1jfmQXCwjsRoLr4B87NGh4,18.4994647,73.9468838,"Chintamani Plaza, Solapur - Pune Hwy, opp. Akashwani Kendra, Gajanan Colony, Utkarsh Nagar, Hadapsar, Pune, Maharashtra 411028, India",3.6,281,True,"['Monday: Open 24 hours', 'Tuesday: Open 24 hours', 'Wednesday: Open 24 hours', 'Thursday: Open 24 hours', 'Friday: Open 24 hours', 'Saturday: Open 24 hours', 'Sunday: Open 24 hours']",020 2699 5993,,True,0.7999999999999999,9790.01399465104,1,0,2026-04-07T23:26:03.904295,100.1,0
CHIRAYU CHILDREN'S HOSPITAL,"301, Datta Mandir Rd, Shankar Kalat Nagar, Wakad, Pimpri-Chinchwad, Maharashtra 411057, India",General Practice,doctor,ChIJQTP_6m65wjsRfpTCa86s9wg,18.5981572,73.7640329,"301, Datta Mandir Rd, Shankar Kalat Nagar, Wakad, Pimpri-Chinchwad, Maharashtra 411057, India",3.3,339,False,[],083800 55444,,True,0.6,13045.1317627221,1,0,2026-04-07T23:26:04.552726,99.9,0
Patil Speciality Hospital,"Jadhav Building, Palashi road, behind Akash Automobile, Tal, Khandala, Shirwal, Maharashtra 412801, India",General Practice,doctor,ChIJv6sMGEH3wjsRkBGD9lnTOP0,18.1418474,73.9768897,"Jadhav Building, Palashi road, behind Akash Automobile, Tal, Khandala, Shirwal, Maharashtra 412801, India",4.9,18,False,"['Monday: 10:00\u202fAM\u2009–\u20098:00\u202fPM', 'Tuesday: 10:00\u202fAM\u2009–\u20098:00\u202fPM', 'Wednesday: 10:00\u202fAM\u2009–\u20098:00\u202fPM', 'Thursday: 10:00\u202fAM\u2009–\u20098:00\u202fPM', 'Friday: 10:00\u202fAM\u2009–\u20098:00\u202fPM', 'Saturday: 10:00\u202fAM\u2009–\u20098:00\u202fPM', 'Sunday: 10:00\u202fAM\u2009–\u20098:00\u202fPM']",092705 83143,,True,0.6,4600.790488405859,1,0,2026-04-07T23:26:36.924013,99.8,1
BISMR Global Healthcare Multispeciality Hospital,"Super Bus Depo, nr. Uppar, Upper Indira Nagar, Bibwewadi, Pune, Maharashtra 411046, India",General,establishment,ChIJZY4jjWDrwjsRtkXrnyZ6tOQ,18.4603338,73.87154509999999,"Super Bus Depo, nr. Uppar, Upper Indira Nagar, Bibwewadi, Pune, Maharashtra 411046, India",4.7,53,True,"['Monday: Open 24 hours', 'Tuesday: Open 24 hours', 'Wednesday: Open 24 hours', 'Thursday: Open 24 hours', 'Friday: Open 24 hours', 'Saturday: Open 24 hours', 'Sunday: Open 24 hours']",,https://www.instagram.com/bismr_global_hospital?igsh=MXZ1N2hoeXV5djRxdA==,True,0.75,6860.068779238372,0,1,2026-04-07T23:25:57.921391,99.3,1
ESIC Hospital,"Survey No. 689 - 690, Panchdeep Bhavan, Vasant Baug, Prem Nagar, Bibwewadi, Pune, Maharashtra 411037, India",General,establishment,ChIJ8YiQCB7AwjsRnyNReFIai4U,18.4848333,73.86051140000001,"Survey No. 689 - 690, Panchdeep Bhavan, Vasant Baug, Prem Nagar, Bibwewadi, Pune, Maharashtra 411037, India",3.6,266,True,"['Monday: Open 24 hours', 'Tuesday: Open 24 hours', 'Wednesday: Open 24 hours', 'Thursday: Open 24 hours', 'Friday: Open 24 hours', 'Saturday: Open 24 hours', 'Sunday: Open 24 hours']",1800 11 2526,https://www.esic.nic.in/,True,0.85,3975.205301537693,1,1,2026-04-07T23:26:00.682592,98.6,0
Dhanwantari General & Pediatric Hospital,"Main chauk, near Savta mali mandir, Jadhav Wadi, Chikhali, Pune, Pimpri-Chinchwad, Maharashtra 411062, India",General,establishment,ChIJudFt6XC3wjsRuiwFx4i32s8,18.6690386,73.8246257,"Main chauk, near Savta mali mandir, Jadhav Wadi, Chikhali, Pune, Pimpri-Chinchwad, Maharashtra 411062, India",4.7,28,True,"['Monday: Open 24 hours', 'Tuesday: Open 24 hours', 'Wednesday: Open 24 hours', 'Thursday: Open 24 hours', 'Friday: Open 24 hours', 'Saturday: Open 24 hours', 'Sunday: Open 24 hours']",084858 18004,https://dgph.in/,True,0.85,23683.276773682264,1,1,2026-04-07T23:26:19.596027,96.8,1
Sai Clinic. साई क्लिनिक,"Pune- Bangalore, Bus stand, highway service road, near shirwal, Shirwal, Maharashtra 412801, India",General,establishment,ChIJE1_7p7L3wjsRo9ptmEK_KzY,18.1475082,73.975383,"Pune- Bangalore, Bus stand, highway service road, near shirwal, Shirwal, Maharashtra 412801, India",4.8,4,False,"['Monday: 10:00\u202fAM\u2009–\u20098:00\u202fPM', 'Tuesday: 10:00\u202fAM\u2009–\u20098:00\u202fPM', 'Wednesday: 10:00\u202fAM\u2009–\u20098:00\u202fPM', 'Thursday: 10:00\u202fAM\u2009–\u20098:00\u202fPM', 'Friday: 10:00\u202fAM\u2009–\u20098:00\u202fPM', 'Saturday: 10:00\u202fAM\u2009–\u20098:00\u202fPM', 'Sunday: 10:00\u202fAM\u2009–\u20098:00\u202fPM']",,,True,0.5,4738.143752104463,0,0,2026-04-07T23:26:38.354800,96.4,1
Varad Vinayak Eye hospital,"Noorjahan complex, near NH4, Shirwal, Maharashtra 412801, India",General,establishment,ChIJF7vub7L3wjsRsTVK6yBdScQ,18.1472649,73.9748518,"Noorjahan complex, near NH4, Shirwal, Maharashtra 412801, India",4.8,4,False,"['Monday: 10:00\u202fAM\u2009–\u20091:00\u202fPM, 5:00\u2009–\u20097:30\u202fPM', 'Tuesday: 10:00\u202fAM\u2009–\u20091:00\u202fPM, 5:00\u2009–\u20097:30\u202fPM', 'Wednesday: 10:00\u202fAM\u2009–\u20091:00\u202fPM, 5:00\u2009–\u20097:30\u202fPM', 'Thursday: 10:00\u202fAM\u2009–\u20091:00\u202fPM, 5:00\u2009–\u20097:30\u202fPM', 'Friday: 10:00\u202fAM\u2009–\u20091:00\u202fPM, 5:00\u2009–\u20097:30\u202fPM', 'Saturday: 10:00\u202fAM\u2009–\u20091:00\u202fPM, 5:00\u2009–\u20097:30\u202fPM', 'Sunday: 10:00\u202fAM\u2009–\u20091:00\u202fPM, 5:00\u2009–\u20097:30\u202fPM']",088050 70709,,True,0.6,4793.438308298816,1,0,2026-04-07T23:26:38.977295,96.4,1
Miracle Multispeciality Hospital,"Katraj - Kondhwa Rd, behind SBI, Gokul Nagar, Anand Tirth Nagar, Kondhwa Budruk, Pune, Maharashtra 411048, India",General,establishment,ChIJnZwd0DfrwjsRq8uS5iY40Fw,18.4508001,73.8754297,"Katraj - Kondhwa Rd, behind SBI, Gokul Nagar, Anand Tirth Nagar, Kondhwa Budruk, Pune, Maharashtra 411048, India",4.5,61,True,"['Monday: Open 24 hours', 'Tuesday: Open 24 hours', 'Wednesday: Open 24 hours', 'Thursday: Open 24 hours', 'Friday: Open 24 hours', 'Saturday: Open 24 hours', 'Sunday: Open 24 hours']",077900 90021,http://www.miraclehospitalpune.com/,True,0.85,7987.234007817176,1,1,2026-04-07T23:25:59.151414,96.1,1
Shaishav Childrens hospital and research center pvt ltd,"Laxmi Rd, opp. Vijay Talkies, Sadashiv Peth, Pune, Maharashtra 411030, India",General Practice,doctor,ChIJUSw2M3HAwjsRCNtzcbRMAfQ,18.5138061,73.8477028,"Laxmi Rd, opp. Vijay Talkies, Sadashiv Peth, Pune, Maharashtra 411030, India",4.1,138,False,"['Monday: 11:00\u202fAM\u2009–\u20092:00\u202fPM, 7:00\u2009–\u20098:30\u202fPM', 'Tuesday: 11:00\u202fAM\u2009–\u20092:00\u202fPM, 7:00\u2009–\u20098:30\u202fPM', 'Wednesday: 11:00\u202fAM\u2009–\u20092:00\u202fPM, 7:00\u2009–\u20098:30\u202fPM', 'Thursday: 11:00\u202fAM\u2009–\u20092:00\u202fAM', 'Friday: 11:00\u202fAM\u2009–\u20092:00\u202fPM, 7:00\u2009–\u20098:30\u202fPM', 'Saturday: 11:00\u202fAM\u2009–\u20092:30\u202fPM', 'Sunday: Closed']",020 2445 7234,http://www.shaishavclinic.com/,True,0.65,1198.9700345174158,1,1,2026-04-07T23:26:03.173432,95.8,0
jivraj hospital,"KK market signal, Pune - Satara Rd, near Konark Vihar, Punyai Nagar, Panchod, Dhankawadi, Pune, Maharashtra 411043, India",General,establishment,ChIJlfm-wLvqwjsRUrZOxLDIsc8,18.4679837,73.85801590000001,"KK market signal, Pune - Satara Rd, near Konark Vihar, Punyai Nagar, Panchod, Dhankawadi, Pune, Maharashtra 411043, India",4.7,15,True,"['Monday: Open 24 hours', 'Tuesday: Open 24 hours', 'Wednesday: Open 24 hours', 'Thursday: Open 24 hours', 'Friday: Open 24 hours', 'Saturday: Open 24 hours', 'Sunday: Open 24 hours']",020 2436 0255,https://www.aboutmyclinic.com/jivrajclinic,True,0.85,5830.078273670992,1,1,2026-04-07T23:26:04.112125,95.5,1
Health Care Polyclinic,"Khandoba Mandir Rd, Sukhsagar Nagar, Katraj, Pune, Maharashtra 411046, India",General,establishment,ChIJSdPeuffrwjsRhmLam6fnGaQ,18.4533469,73.87335039999999,"Khandoba Mandir Rd, Sukhsagar Nagar, Katraj, Pune, Maharashtra 411046, India",4.7,14,True,"['Monday: Open 24 hours', 'Tuesday: Open 24 hours', 'Wednesday: Open 24 hours', 'Thursday: Open 24 hours', 'Friday: Open 24 hours', 'Saturday: Open 24 hours', 'Sunday: 9:00\u202fAM\u2009–\u20095:00\u202fPM']",081492 99348,,True,0.7999999999999999,7659.93391809416,1,0,2026-04-07T23:26:00.326926,95.4,1
Bharat Ratna Late Rajeev Gandhi Hospital | Pune Municipal Corporation,"Deccan College Rd, Nawanagar, Salwe Nagar, Yerawada, Pune, Maharashtra 411006, India",General,establishment,ChIJV-n3ZePAwjsROJwWctfGQnA,18.5455505,73.88379050000002,"Deccan College Rd, Nawanagar, Salwe Nagar, Yerawada, Pune, Maharashtra 411006, India",3.9,170,False,"['Monday: 9:00\u202fAM\u2009–\u20091:00\u202fPM, 1:30\u2009–\u20095:00\u202fPM', 'Tuesday: 9:00\u202fAM\u2009–\u20091:00\u202fPM, 1:30\u2009–\u20095:00\u202fPM', 'Wednesday: 9:00\u202fAM\u2009–\u20091:00\u202fPM, 1:30\u2009–\u20095:00\u202fPM', 'Thursday: 9:00\u202fAM\u2009–\u20091:00\u202fPM, 1:30\u2009–\u20095:00\u202fPM', 'Friday: 9:00\u202fAM\u2009–\u20091:00\u202fPM, 1:30\u2009–\u20095:00\u202fPM', 'Saturday: 9:00\u202fAM\u2009–\u20091:00\u202fPM', 'Sunday: Closed']",,,True,0.5,3997.296343410884,0,0,2026-04-07T23:26:01.341590,95.0,0
"Padalkar Multispeciality Hospital - Multispeciality Hospital in Dattanagar, Pune","Bhadle empire, near HDFC Bank, Dattanagar, Pune, Maharashtra 411046, India",General,establishment,ChIJtaMi65LrwjsRllDXIHMRCPs,18.4493466,73.8478018,"Bhadle empire, near HDFC Bank, Dattanagar, Pune, Maharashtra 411046, India",4.1,128,False,"['Monday: 10:00\u202fAM\u2009–\u200910:00\u202fPM', 'Tuesday: 10:00\u202fAM\u2009–\u200910:00\u202fPM', 'Wednesday: 10:00\u202fAM\u2009–\u200910:00\u202fPM', 'Thursday: 10:00\u202fAM\u2009–\u200910:00\u202fPM', 'Friday: 10:00\u202fAM\u2009–\u200910:00\u202fPM', 'Saturday: 10:00\u202fAM\u2009–\u200910:00\u202fPM', 'Sunday: 10:00\u202fAM\u2009–\u200910:00\u202fPM']",,https://www.padalkarmultispecialityhospital.com/,True,0.55,7956.309260590257,0,1,2026-04-07T23:26:02.607871,94.8,0
Dhanvantari Hospital धन्वंतरी हॉस्पिटल,"4XRH+4FX, Service Rd, Shirwal, Maharashtra 412801, India",General,establishment,ChIJ42B9YgD3wjsRoFp-9NOTDdA,18.1404304,73.9787398,"4XRH+4FX, Service Rd, Shirwal, Maharashtra 412801, India",4.7,3,False,"['Monday: 9:09\u202fAM\u2009–\u200912:09\u202fPM', 'Tuesday: 9:09\u202fAM\u2009–\u200912:09\u202fPM', 'Wednesday: 9:09\u202fAM\u2009–\u200912:09\u202fPM', 'Thursday: 9:09\u202fAM\u2009–\u200912:09\u202fPM', 'Friday: 9:09\u202fAM\u2009–\u200912:09\u202fPM', 'Saturday: 9:09\u202fAM\u2009–\u200912:09\u202fPM', 'Sunday: 10:00\u202fAM\u2009–\u20091:00\u202fPM']",,,True,0.5,4426.078438388819,0,0,2026-04-07T23:26:35.484993,94.3,1
Shwas Multispeciality Hospital,"CRWP+CXV, Shiv Goraksh Ashram Marg, next to Sun Bright School, Tukaram Nagar, Ambegaon Budruk, Pune, Maharashtra 411046, India",General,establishment,ChIJlav1DWqVwjsRB3QbGBVYU6c,18.4467929,73.83743199999999,"CRWP+CXV, Shiv Goraksh Ashram Marg, next to Sun Bright School, Tukaram Nagar, Ambegaon Budruk, Pune, Maharashtra 411046, India",4.4,63,True,"['Monday: Open 24 hours', 'Tuesday: Open 24 hours', 'Wednesday: Open 24 hours', 'Thursday: Open 24 hours', 'Friday: Open 24 hours', 'Saturday: Open 24 hours', 'Sunday: Open 24 hours']",093736 99122,,True,0.7999999999999999,8433.199473110815,1,0,2026-04-07T23:26:02.712046,94.3,0
Gurukrupa Spine Clinic,"2nd floor, Devgiri, Sinhgad Rd, Above The Raymond Shop, Corner of Dattawadi, Sarita Vihar, Dattawadi, Pune, Maharashtra 411030, India",General,establishment,ChIJfzUXF_e_wjsRAMTGj5fJh3s,18.4956621,73.8375051,"2nd floor, Devgiri, Sinhgad Rd, Above The Raymond Shop, Corner of Dattawadi, Sarita Vihar, Dattawadi, Pune, Maharashtra 411030, India",4.5,35,False,"['Monday: 5:30\u2009–\u20098:00\u202fPM', 'Tuesday: 5:30\u2009–\u20098:00\u202fPM', 'Wednesday: 5:30\u2009–\u20098:00\u202fPM', 'Thursday: 5:30\u2009–\u20098:00\u202fPM', 'Friday: 5:30\u2009–\u20098:00\u202fPM', 'Saturday: 5:30\u2009–\u20098:00\u202fPM', 'Sunday: Closed']",086682 41591,,True,0.6,3415.11644500552,1,0,2026-04-07T23:25:56.577754,93.5,1
Sahara Hospital,"Yash Plaza, Narveer Tanaji Malusare Rd, above Jupiter Pharma, Dandekar Pool, Municipal Colony, Pune, Maharashtra 411030, India",General,establishment,ChIJ____DwzAwjsRypH3vVcB2jI,18.5008707,73.8457372,"Yash Plaza, Narveer Tanaji Malusare Rd, above Jupiter Pharma, Dandekar Pool, Municipal Colony, Pune, Maharashtra 411030, India",4.4,55,True,"['Monday: Open 24 hours', 'Tuesday: Open 24 hours', 'Wednesday: Open 24 hours', 'Thursday: Open 24 hours', 'Friday: Open 24 hours', 'Saturday: Open 24 hours', 'Sunday: Open 24 hours']",099603 99949,,True,0.7999999999999999,2460.0550541254183,1,0,2026-04-07T23:25:53.127351,93.5,0
Shivshankar Pote Hospital,"FVG4+JC3, Vivek Society, Sahakar Nagar, Govardhan Society, Parvati Paytha, Pune, Maharashtra 411009, India",General,establishment,ChIJrQDWt6XqwjsROdMxyx5omgc,18.4765237,73.8560344,"FVG4+JC3, Vivek Society, Sahakar Nagar, Govardhan Society, Parvati Paytha, Pune, Maharashtra 411009, India",4.3,75,False,"['Monday: 8:00\u202fAM\u2009–\u20098:00\u202fPM', 'Tuesday: 8:00\u202fAM\u2009–\u20098:00\u202fPM', 'Wednesday: 8:00\u202fAM\u2009–\u20098:00\u202fPM', 'Thursday: 8:00\u202fAM\u2009–\u20098:00\u202fPM', 'Friday: 8:00\u202fAM\u2009–\u20098:00\u202fPM', 'Saturday: 8:00\u202fAM\u2009–\u20098:00\u202fPM', 'Sunday: 8:00\u202fAM\u2009–\u20098:00\u202fPM']",,,True,0.5,4879.326795657287,0,0,2026-04-07T23:26:01.460307,93.5,0
Deshmukh clinic,"4XXG+872, Shahaji Chowk, near Kamla Mehta Eye Hospital, Shirwal, Maharashtra 412801, India",General,establishment,ChIJ0z0WY-r3wjsRAs6w3B4cFlc,18.1482625,73.97564059999999,"4XXG+872, Shahaji Chowk, near Kamla Mehta Eye Hospital, Shirwal, Maharashtra 412801, India",4.6,14,False,"['Monday: 9:30\u202fAM\u2009–\u20097:30\u202fPM', 'Tuesday: 9:30\u202fAM\u2009–\u20097:30\u202fPM', 'Wednesday: 9:30\u202fAM\u2009–\u20097:30\u202fPM', 'Thursday: 9:30\u202fAM\u2009–\u20097:30\u202fPM', 'Friday: 9:30\u202fAM\u2009–\u20097:30\u202fPM', 'Saturday: 9:30\u202fAM\u2009–\u20097:30\u202fPM', 'Sunday: 10:00\u202fAM\u2009–\u20091:00\u202fPM']",,,True,0.5,4714.462634898507,0,0,2026-04-07T23:26:38.121749,93.4,1
Shri Seva Maternity Home and Children Hospital,"Yash Raj Bhar Pune Saswad Road Near HP petrol pump opp. to Jenseva bank, Phursungi, Bhekrai Nagar, Hadapsar, Pune, Maharashtra 412308, India",General,establishment,ChIJBe_iGebpwjsRUPhRvHFN2ig,18.4821229,73.9542887,"Yash Raj Bhar Pune Saswad Road Near HP petrol pump opp. to Jenseva bank, Phursungi, Bhekrai Nagar, Hadapsar, Pune, Maharashtra 412308, India",4.3,74,False,"['Monday: 10:00\u202fAM\u2009–\u20091:30\u202fPM, 6:00\u2009–\u20099:30\u202fPM', 'Tuesday: 10:00\u202fAM\u2009–\u20091:30\u202fPM, 6:00\u2009–\u20099:30\u202fPM', 'Wednesday: 10:00\u202fAM\u2009–\u20091:30\u202fPM, 6:00\u2009–\u20099:30\u202fPM', 'Thursday: 10:00\u202fAM\u2009–\u20091:30\u202fPM, 6:00\u2009–\u20099:30\u202fPM', 'Friday: 10:00\u202fAM\u2009–\u20091:30\u202fPM, 6:00\u2009–\u20099:30\u202fPM', 'Saturday: 10:00\u202fAM\u2009–\u20091:30\u202fPM, 6:00\u2009–\u20099:30\u202fPM', 'Sunday: 10:00\u202fAM\u2009–\u200912:00\u202fPM']",097662 34017,,True,0.6,11135.999028130238,1,0,2026-04-07T23:26:03.320694,93.4,0
Shivprasad Hospital,"Shop No, 1Swami, Santosh Samarth, Krishna Road, Santosh Nagar, Katraj, Pune, Maharashtra 411046, India",General,establishment,ChIJT8MEuNvqwjsRkeFzA9oV618,18.4449817,73.85737519999999,"Shop No, 1Swami, Santosh Samarth, Krishna Road, Santosh Nagar, Katraj, Pune, Maharashtra 411046, India",4.6,11,False,"['Monday: 9:00\u202fAM\u2009–\u200911:00\u202fPM', 'Tuesday: 9:00\u202fAM\u2009–\u200911:00\u202fPM', 'Wednesday: 9:00\u202fAM\u2009–\u200911:00\u202fPM', 'Thursday: 9:00\u202fAM\u2009–\u200911:00\u202fPM', 'Friday: 9:00\u202fAM\u2009–\u200911:00\u202fPM', 'Saturday: 9:00\u202fAM\u2009–\u200911:00\u202fPM', 'Sunday: 9:00\u202fAM\u2009–\u200911:00\u202fPM']",099416 97777,,True,0.6,8386.434634743617,1,0,2026-04-07T23:25:58.580231,93.1,1
N. M. Wadia Heart Hospital,"32, Sasoon Rd, Central Excise Colony, Sangamvadi, Pune, Maharashtra 411001, India",General,establishment,ChIJJVOVSW3AwjsRp8A9crVZNKI,18.5307479,73.8770237,"32, Sasoon Rd, Central Excise Colony, Sangamvadi, Pune, Maharashtra 411001, India",3.9,147,True,"['Monday: Open 24 hours', 'Tuesday: Open 24 hours', 'Wednesday: Open 24 hours', 'Thursday: Open 24 hours', 'Friday: Open 24 hours', 'Saturday: Open 24 hours', 'Sunday: Open 24 hours']",020 6763 6400,https://www.nmwcardiology.org/?utm_source=google&utm_medium=gmb,True,0.85,2432.1808242775537,1,1,2026-04-07T23:26:05.344430,92.7,0
"N M Wadia Hospital, Shukrawar Peth","283, Dinkarrav Javalkar Rd, Sathe Colony, Shukrawar Peth, Pune, Maharashtra 411002, India",General,establishment,ChIJG2WGSm3AwjsRJqHQXkYKhW4,18.5068674,73.854923,"283, Dinkarrav Javalkar Rd, Sathe Colony, Shukrawar Peth, Pune, Maharashtra 411002, India",4.5,21,True,"['Monday: Open 24 hours', 'Tuesday: Open 24 hours', 'Wednesday: Open 24 hours', 'Thursday: Open 24 hours', 'Friday: Open 24 hours', 'Saturday: Open 24 hours', 'Sunday: Open 24 hours']",,,True,0.7,1074.5426018268693,0,0,2026-04-07T23:26:27.817656,92.1,1
Dr. Prasad Bapat - Om Ayurvedic Clinic Manikbaug branch,"Narveer Tanaji Malusare Rd, Manik Baug, Anand Nagar, Pune, Maharashtra 411051, India",General Practice,doctor,ChIJYWXFp2XAwjsRch_SUt5rRt4,18.4749414,73.822197,"Narveer Tanaji Malusare Rd, Manik Baug, Anand Nagar, Pune, Maharashtra 411051, India",4.3,60,False,"['Monday: 11:00\u202fAM\u2009–\u20091:00\u202fPM, 7:00\u2009–\u20099:00\u202fPM', 'Tuesday: 11:00\u202fAM\u2009–\u20091:00\u202fPM, 7:00\u2009–\u20099:00\u202fPM', 'Wednesday: 11:00\u202fAM\u2009–\u20091:00\u202fPM, 7:00\u2009–\u20099:00\u202fPM', 'Thursday: 11:00\u202fAM\u2009–\u20091:00\u202fPM, 7:00\u2009–\u20099:00\u202fPM', 'Friday: 11:00\u202fAM\u2009–\u20091:00\u202fPM, 7:00\u2009–\u20099:00\u202fPM', 'Saturday: 11:00\u202fAM\u2009–\u20091:00\u202fPM, 7:00\u2009–\u20099:00\u202fPM', 'Sunday: Closed']",070588 50478,https://www.omayurvedicclinic.com/,True,0.65,3586.364364406189,1,1,2026-04-07T23:26:16.426240,92.0,0
Shree Samarth Hospital,"No. 227, Omkar Apartments, GV98+989, Vitthalrao Kangle Rd, Karande Chowk near SBI ATM, Rasta Peth, Pune, Maharashtra 411002, India",General,establishment,ChIJKZeQq0LAwjsRCpFRnEkWy4M,18.5183007,73.8658772,"No. 227, Omkar Apartments, GV98+989, Vitthalrao Kangle Rd, Karande Chowk near SBI ATM, Rasta Peth, Pune, Maharashtra 411002, India",4.2,77,True,"['Monday: Open 24 hours', 'Tuesday: Open 24 hours', 'Wednesday: Open 24 hours', 'Thursday: Open 24 hours', 'Friday: Open 24 hours', 'Saturday: Open 24 hours', 'Sunday: Open 24 hours']",080 4806 8929,https://www.shreesamarthhospital.co.in/,True,0.85,995.3739516703672,1,1,2026-04-07T23:25:53.376524,91.7,0
"Apoorva Ayurvedic Hospital & Panchakarma Center, Pune","Sahakar Nagar, Near Arnyeshwar Park, Aranyeshwar Nagar, Parvati Paytha, Pune, Maharashtra 411009, India",General,establishment,ChIJaVVVhaXqwjsRE4aIQvyvg2A,18.4860221,73.8512162,"Sahakar Nagar, Near Arnyeshwar Park, Aranyeshwar Nagar, Parvati Paytha, Pune, Maharashtra 411009, India",4.5,11,False,"['Monday: 10:00\u202fAM\u2009–\u20091:00\u202fPM, 5:00\u2009–\u20098:00\u202fPM', 'Tuesday: 10:00\u202fAM\u2009–\u20091:00\u202fPM, 5:00\u2009–\u20098:00\u202fPM', 'Wednesday: 10:00\u202fAM\u2009–\u20091:00\u202fPM, 5:00\u2009–\u20098:00\u202fPM', 'Thursday: 10:00\u202fAM\u2009–\u20091:00\u202fPM, 5:00\u2009–\u20098:00\u202fPM', 'Friday: 10:00\u202fAM\u2009–\u20091:00\u202fPM, 5:00\u2009–\u20098:00\u202fPM', 'Saturday: 10:00\u202fAM\u2009–\u20091:00\u202fPM, 5:00\u2009–\u20098:00\u202fPM', 'Sunday: Closed']",,,True,0.5,3171.816565027745,0,0,2026-04-07T23:26:15.772962,91.1,1
Kelkar Children Hospital,"1st Floor, Ashwini Commercial, Tilak Rd, Subhash Nagar, Shukrawar Peth, Pune, Maharashtra 411002, India",General,establishment,ChIJceBkWBLAwjsRC2cpt-bSBN8,18.5038838,73.855679,"1st Floor, Ashwini Commercial, Tilak Rd, Subhash Nagar, Shukrawar Peth, Pune, Maharashtra 411002, India",4.4,31,False,[],020 2443 1319,,True,0.6,1839.6702939477384,1,0,2026-04-07T23:26:03.425223,91.1,0
Kaji Natural Therapy Hospital,"New colony, Kaji gali, 4XXH+59F, Taluka, Khandala, Shirwal, Maharashtra 412801, India",General,establishment,ChIJ4zmkfKP3wjsRLpgnRdKPj_E,18.147928,73.978425,"New colony, Kaji gali, 4XXH+59F, Taluka, Khandala, Shirwal, Maharashtra 412801, India",4.4,27,False,[],096730 95423,,True,0.6,4418.797198210337,1,0,2026-04-07T23:26:35.365523,90.7,0
kamla mehta eye hospital,"4XXG+872, Shirwal, Maharashtra 412801, India",General,establishment,ChIJy4jK_jX2wjsR95zqb-JTa18,18.1482562,73.9756311,"4XXG+872, Shirwal, Maharashtra 412801, India",4.5,6,False,[],072193 95764,,True,0.6,4715.429551184373,1,0,2026-04-07T23:26:38.232369,90.6,1
JEEVANDHARA MULTISPECIALITY HOSPITAL-|BEST ICU CARE CARDIAC CARE KATRAJ PUNE|,"SR.NO 84/2-D, FIRST FLOOR, BHAGIRATHI SQUARE, BUILDING, Morebaug Rd, Kanchan Nagari, Katraj, Pune, Maharashtra 411046, India",General,establishment,ChIJ41sYWwTrwjsRRXONpNhtyjQ,18.4492795,73.8579393,"SR.NO 84/2-D, FIRST FLOOR, BHAGIRATHI SQUARE, BUILDING, Morebaug Rd, Kanchan Nagari, Katraj, Pune, Maharashtra 411046, India",4.0,103,True,"['Monday: Open 24 hours', 'Tuesday: Open 24 hours', 'Wednesday: Open 24 hours', 'Thursday: Open 24 hours', 'Friday: Open 24 hours', 'Saturday: Open 24 hours', 'Sunday: Open 24 hours']",,,True,0.7,7909.318655164468,0,0,2026-04-07T23:25:58.033617,90.3,0
Bhagirathi Children's Hospital |,"Plot No 23, Raghukul Society, Raghukul Society Road, FRVC+WXX, Girija Shankar Vihar, Karve Nagar, Mahimna Society, Raghukul Society, Ganesh Nagar, Karvenagar, Pune, Maharashtra 411052, India",General Practice,doctor,ChIJq6qqmue_wjsRWGXGERxNwm0,18.4946839,73.822915,"Plot No 23, Raghukul Society, Raghukul Society Road, FRVC+WXX, Girija Shankar Vihar, Karve Nagar, Mahimna Society, Raghukul Society, Ganesh Nagar, Karvenagar, Pune, Maharashtra 411052, India",4.1,80,False,"['Monday: 11:00\u202fAM\u2009–\u20092:00\u202fPM, 7:00\u2009–\u200910:00\u202fPM', 'Tuesday: 11:00\u202fAM\u2009–\u20092:00\u202fPM, 7:00\u2009–\u200910:00\u202fPM', 'Wednesday: 11:00\u202fAM\u2009–\u20092:00\u202fPM, 7:00\u2009–\u200910:00\u202fPM', 'Thursday: 11:00\u202fAM\u2009–\u20092:00\u202fPM, 7:00\u2009–\u200910:00\u202fPM', 'Friday: 11:00\u202fAM\u2009–\u20092:00\u202fPM, 7:00\u2009–\u200910:00\u202fPM', 'Saturday: 11:00\u202fAM\u2009–\u20092:00\u202fPM, 7:00\u2009–\u200910:00\u202fPM', 'Sunday: 11:00\u202fAM\u2009–\u200912:00\u202fPM']",020 2544 0822,,True,0.6,4568.111982114503,1,0,2026-04-07T23:26:03.562641,90.0,0
Balaji Hospital,"Shirwal, Moh tarf shirwal, Maharashtra 412801, India",General,establishment,ChIJu0tzRjb2wjsRRsbPCazjcHw,18.1188421,73.98703979999999,"Shirwal, Moh tarf shirwal, Maharashtra 412801, India",4.4,16,True,"['Monday: Open 24 hours', 'Tuesday: Open 24 hours', 'Wednesday: Open 24 hours', 'Thursday: Open 24 hours', 'Friday: Open 24 hours', 'Saturday: Open 24 hours', 'Sunday: Open 24 hours']",,,True,0.7,4633.0944470962895,0,0,2026-04-07T23:26:37.404900,89.6,0
Ramkrishna Math Polyclinic,"FRXV+WPM, Sinhgad Rd, near Dandekar Bridge, Anubandh Nagar, Dattawadi, Pune, Maharashtra 411030, India",General,establishment,ChIJiyhXhgnAwjsRzy3Zi0c_ba4,18.499831,73.8442942,"FRXV+WPM, Sinhgad Rd, near Dandekar Bridge, Anubandh Nagar, Dattawadi, Pune, Maharashtra 411030, India",4.2,56,False,"['Monday: 5:00\u202fAM\u2009–\u200910:00\u202fPM', 'Tuesday: 8:00\u202fAM\u2009–\u20096:00\u202fPM', 'Wednesday: 8:00\u202fAM\u2009–\u20096:00\u202fPM', 'Thursday: 8:00\u202fAM\u2009–\u20096:00\u202fPM', 'Friday: 8:00\u202fAM\u2009–\u20096:00\u202fPM', 'Saturday: 8:00\u202fAM\u2009–\u20096:00\u202fPM', 'Sunday: Closed']",020 2432 0385,https://www.rkmpune.org/polyclinic-diagnostic-centre/,True,0.65,2634.817433961851,1,1,2026-04-07T23:25:54.540338,89.6,0
Royal Hospital,"Khashaba Jadhav Path, Shriram Nagar, Dhankawadi, Pune, Maharashtra 411046, India",General,establishment,ChIJjwcbI8TqwjsRpill-wiRPQE,18.4511608,73.8576069,"Khashaba Jadhav Path, Shriram Nagar, Dhankawadi, Pune, Maharashtra 411046, India",4.3,32,True,"['Monday: Open 24 hours', 'Tuesday: Open 24 hours', 'Wednesday: Open 24 hours', 'Thursday: Open 24 hours', 'Friday: Open 24 hours', 'Saturday: Open 24 hours', 'Sunday: Open 24 hours']",073852 71000,,True,0.7999999999999999,7699.641770037309,1,0,2026-04-07T23:25:58.476179,89.2,0
Bhave Hospital,"Surgical Nursing Home, Rajhans Complex, GV32+GVH, opposite Sanas Sports Ground, Saras Baug, Sadashiv Peth, Pune, Maharashtra 411030, India",General,establishment,ChIJq6qqBg7AwjsRo-VhEXMYMNc,18.5038133,73.8522231,"Surgical Nursing Home, Rajhans Complex, GV32+GVH, opposite Sanas Sports Ground, Saras Baug, Sadashiv Peth, Pune, Maharashtra 411030, India",4.4,8,False,[],020 2432 4059,,True,0.6,1903.807704596212,1,0,2026-04-07T23:25:52.901981,88.8,0
Madhukar General Hospital,"Sinhagad Road, Hingne Khurd, Mahalaxmi Society, Anand Nagar, 17/1, Narveer Tanaji Malusare Rd, Anand Nagar, Pune, Maharashtra 411051, India",General,establishment,ChIJX2TtMl-VwjsRFVUHMCtItH8,18.478859,73.82412599999999,"Sinhagad Road, Hingne Khurd, Mahalaxmi Society, Anand Nagar, 17/1, Narveer Tanaji Malusare Rd, Anand Nagar, Pune, Maharashtra 411051, India",3.9,105,True,"['Monday: Open 24 hours', 'Tuesday: Open 24 hours', 'Wednesday: Open 24 hours', 'Thursday: Open 24 hours', 'Friday: Open 24 hours', 'Saturday: Open 24 hours', 'Sunday: Open 24 hours']",020 2434 8273,http://olx.com/,True,0.85,3681.729559903568,1,1,2026-04-07T23:26:15.904384,88.5,0
Jhamwar Eye Hospital,"Somshankar Chambers, Opp City Pride Cinema, Pune Satara Road, near Bhapkar Petrol Pump, Adinath Society, Parvati Industrial Estate, Parvati Paytha, Pune, Maharashtra 411009, India",General,establishment,ChIJ3cwYRRHAwjsR5TdKTA_mqsA,18.4890014,73.85698099999999,"Somshankar Chambers, Opp City Pride Cinema, Pune Satara Road, near Bhapkar Petrol Pump, Adinath Society, Parvati Industrial Estate, Parvati Paytha, Pune, Maharashtra 411009, India",3.9,101,False,"['Monday: 10:00\u202fAM\u2009–\u20098:30\u202fPM', 'Tuesday: 10:00\u202fAM\u2009–\u20098:30\u202fPM', 'Wednesday: 10:00\u202fAM\u2009–\u20098:30\u202fPM', 'Thursday: 10:00\u202fAM\u2009–\u20098:30\u202fPM', 'Friday: 10:00\u202fAM\u2009–\u20098:30\u202fPM', 'Saturday: 10:00\u202fAM\u2009–\u20098:30\u202fPM', 'Sunday: Closed']",020 2422 6209,https://jehpune.com/,True,0.65,3562.938003596827,1,1,2026-04-07T23:26:16.038847,88.1,0
Deodhar Eye Hospital,"39/25, Behind Kaka Halwai, Karve Road, Erandwane, Erandwane, Pune, Maharashtra 411004, India",General,establishment,ChIJtdSUUYm_wjsRxfTS6Ag63uU,18.5116584,73.83632639999999,"39/25, Behind Kaka Halwai, Karve Road, Erandwane, Erandwane, Pune, Maharashtra 411004, India",4.3,13,False,"['Monday: 9:00\u202fAM\u2009–\u20091:00\u202fPM, 5:00\u2009–\u20098:00\u202fPM', 'Tuesday: 9:00\u202fAM\u2009–\u20091:00\u202fPM, 5:00\u2009–\u20098:00\u202fPM', 'Wednesday: 9:00\u202fAM\u2009–\u20091:00\u202fPM, 5:00\u2009–\u20098:00\u202fPM', 'Thursday: 9:00\u202fAM\u2009–\u20091:00\u202fPM, 5:00\u2009–\u20098:00\u202fPM', 'Friday: 9:00\u202fAM\u2009–\u20091:00\u202fPM, 5:00\u2009–\u20098:00\u202fPM', 'Saturday: 9:00\u202fAM\u2009–\u20091:00\u202fPM, 5:00\u2009–\u20098:00\u202fPM', 'Sunday: Closed']",098220 55915,,True,0.6,2357.8508295409097,1,0,2026-04-07T23:25:50.949772,87.3,0
Joshi Clinic,"Janardan Sadan, 1194/23, Ghole Rd, Sumukh Society, Shivaji Nagar, Shivajinagar, Pune, Maharashtra 411005, India",General,establishment,ChIJrzP-p2XAwjsRoObkiaGGKlE,18.5242758,73.84484379999999,"Janardan Sadan, 1194/23, Ghole Rd, Sumukh Society, Shivaji Nagar, Shivajinagar, Pune, Maharashtra 411005, India",4.3,7,False,[],020 2553 3361,,True,0.6,1322.2636337037768,1,0,2026-04-07T23:25:52.300417,86.7,0
Pune municipality Raja Shivchatrapati Hospital,"Near, Upper Market Rd, Upper Indira Nagar, Bibwewadi, Pune, Maharashtra 411037, India",General,establishment,ChIJA8y9FsjrwjsR1WbSWPQy4pQ,18.4631281,73.86751939999999,"Near, Upper Market Rd, Upper Indira Nagar, Bibwewadi, Pune, Maharashtra 411037, India",4.3,4,False,[],,,True,0.5,6469.7430590508175,0,0,2026-04-07T23:26:00.568636,86.4,0
Dr Pawar Hospital ( Childcare & Skincare) in Shirwal,"Pawar Hospital Child & Skincare, Near NH4 Highway, Service Road, Pune-Satara Road, Shirwal, Maharashtra 412801, India",General,establishment,ChIJ-a-eitn3wjsRBwlshOgNioI,18.1431189,73.97759889999999,"Pawar Hospital Child & Skincare, Near NH4 Highway, Service Road, Pune-Satara Road, Shirwal, Maharashtra 412801, India",4.2,10,False,"['Monday: 11:00\u202fAM\u2009–\u20098:00\u202fPM', 'Tuesday: 11:00\u202fAM\u2009–\u20098:00\u202fPM', 'Wednesday: 11:00\u202fAM\u2009–\u20098:00\u202fPM', 'Thursday: 11:00\u202fAM\u2009–\u20098:00\u202fPM', 'Friday: 11:00\u202fAM\u2009–\u20098:00\u202fPM', 'Saturday: 11:00\u202fAM\u2009–\u20098:00\u202fPM', 'Sunday: Closed']",094214 81468,https://pawar-hospital.com/,True,0.65,4513.659235743361,1,1,2026-04-07T23:26:35.979310,85.0,0
Chaitanya Hospital & Nursing Home | Multi-specialty hospital,"Parvati, 133, Sinhgad Rd, Dandekar Pool, Municipal Colony, Pune, Maharashtra 411030, India",General,establishment,ChIJZXYKIQzAwjsR8rkQ7MbWPaA,18.5002685,73.8499555,"Parvati, 133, Sinhgad Rd, Dandekar Pool, Municipal Colony, Pune, Maharashtra 411030, India",3.9,56,True,"['Monday: Open 24 hours', 'Tuesday: Open 24 hours', 'Wednesday: Open 24 hours', 'Thursday: Open 24 hours', 'Friday: Open 24 hours', 'Saturday: Open 24 hours', 'Sunday: Open 24 hours']",080877 99091,https://chaitanyahospital.co.in/,True,0.85,2348.7694930743314,1,1,2026-04-07T23:25:51.332862,83.6,0
Om Hospital in pune,"FVFM+VRJ, Lane No 6, Bhagyoday Nagar, Shivneri Nagar, Kondhwa, Pune, Maharashtra 411048, India",General,establishment,ChIJ68UFoIjqwjsR2BckvA06eWQ,18.4747126,73.88451189999999,"FVFM+VRJ, Lane No 6, Bhagyoday Nagar, Shivneri Nagar, Kondhwa, Pune, Maharashtra 411048, India",4.1,15,False,"['Monday: 10:00\u202fAM\u2009–\u20092:00\u202fPM, 5:30\u2009–\u200911:00\u202fPM', 'Tuesday: 10:00\u202fAM\u2009–\u20092:00\u202fPM, 5:30\u2009–\u200911:00\u202fPM', 'Wednesday: 10:00\u202fAM\u2009–\u20092:00\u202fPM, 5:30\u2009–\u200911:00\u202fPM', 'Thursday: 10:00\u202fAM\u2009–\u20092:00\u202fPM, 5:30\u2009–\u200911:00\u202fPM', 'Friday: 10:00\u202fAM\u2009–\u20092:00\u202fPM, 5:30\u2009–\u200911:00\u202fPM', 'Saturday: 10:00\u202fAM\u2009–\u20092:00\u202fPM, 5:30\u2009–\u200911:00\u202fPM', 'Sunday: Closed']",,http://omhospitalpune.in/,True,0.55,4037.992102716296,0,1,2026-04-07T23:26:18.737375,83.5,0
Prerna hospital,"Raviraj bungalow, s.n.16, near mansi apartment, Sukhsagar Nagar, Katraj, Pune, Maharashtra 411046, India",General,establishment,ChIJ4bVlYenqwjsRx6zVumWJmzw,18.4553037,73.8690416,"Raviraj bungalow, s.n.16, near mansi apartment, Sukhsagar Nagar, Katraj, Pune, Maharashtra 411046, India",3.9,48,True,"['Monday: Open 24 hours', 'Tuesday: Open 24 hours', 'Wednesday: Open 24 hours', 'Thursday: Open 24 hours', 'Friday: Open 24 hours', 'Saturday: Open 24 hours', 'Sunday: Open 24 hours']",020 2696 2425,,True,0.7999999999999999,7354.455774275079,1,0,2026-04-07T23:25:59.930554,82.8,0
Kering Hospital,"289, 2, Timber Market Rd, Ekbote Colony, Mahatma Phule Peth, Swargate, Pune, Maharashtra 411042, India",General,establishment,ChIJ33p5P0DAwjsRY5cxpA0cBZ8,18.5031052,73.86819799999999,"289, 2, Timber Market Rd, Ekbote Colony, Mahatma Phule Peth, Swargate, Pune, Maharashtra 411042, India",3.8,57,False,"['Monday: 9:00\u202fAM\u2009–\u200912:00\u202fPM', 'Tuesday: 9:00\u202fAM\u2009–\u200912:00\u202fPM', 'Wednesday: 9:00\u202fAM\u2009–\u200912:00\u202fPM', 'Thursday: 9:00\u202fAM\u2009–\u200912:00\u202fPM', 'Friday: 9:00\u202fAM\u2009–\u200912:00\u202fPM', 'Saturday: 9:00\u202fAM\u2009–\u200912:00\u202fPM', 'Sunday: Closed']",020 2645 6765,,True,0.6,2273.350809295703,1,0,2026-04-07T23:25:53.495332,81.7,0
Dhiraj Surana - Shree Balaji Eye Hospital,"1st Floor, Adinath, Shopping Complex, Pune - Satara Rd, Adinath Society, Parsanees Colony, Maharshi Nagar, Pune, Maharashtra 411037, India",General,establishment,ChIJmy3-p2XAwjsRRd6PV14_NGA,18.4911039,73.8579766,"1st Floor, Adinath, Shopping Complex, Pune - Satara Rd, Adinath Society, Parsanees Colony, Maharshi Nagar, Pune, Maharashtra 411037, India",4.0,15,False,"['Monday: 9:00\u202fAM\u2009–\u20098:00\u202fPM', 'Tuesday: 10:00\u202fAM\u2009–\u20098:00\u202fPM', 'Wednesday: 9:00\u202fAM\u2009–\u20098:00\u202fPM', 'Thursday: 10:00\u202fAM\u2009–\u20098:00\u202fPM', 'Friday: 9:00\u202fAM\u2009–\u20095:00\u202fPM', 'Saturday: 9:00\u202fAM\u2009–\u20098:00\u202fPM', 'Sunday: Closed']",020 2426 0965,http://www.shreebalajieyehospital.com/,True,0.65,3812.468629786047,1,1,2026-04-07T23:26:17.504885,81.5,0
Pune sarkaari hospital,"534B, Lokhande Talim Rd, Narayan Peth, Pune, Maharashtra 411030, India",General,establishment,ChIJAXcUSTfBwjsR7EAiKvpjdxc,18.5152921,73.8467039,"534B, Lokhande Talim Rd, Narayan Peth, Pune, Maharashtra 411030, India",4.0,6,True,"['Monday: Open 24 hours', 'Tuesday: Open 24 hours', 'Wednesday: Open 24 hours', 'Thursday: Open 24 hours', 'Friday: Open 24 hours', 'Saturday: Open 24 hours', 'Sunday: Closed']",,,True,0.7,1197.2629240566482,0,0,2026-04-07T23:26:01.226332,80.6,0
Parvati Clinic,"Laxmi Nagar, Parvati Paytha, Pune, Maharashtra 411009, India",General Practice,doctor,ChIJq098ogXAwjsRcJ3wG7ApxkU,18.4932413,73.8501902,"Laxmi Nagar, Parvati Paytha, Pune, Maharashtra 411009, India",4.0,4,False,[],,https://book-appointment.healthplix.com/index.php?branch_code=dr-manisha-khedkar-ayurvedic-physician-lakshminager-pune,True,0.55,3974.771549900009,0,1,2026-04-07T23:26:18.132786,80.4,0
ZP Government Hospital,"427H+F5P, Bholi, Maharashtra 415526, India",General,establishment,ChIJTWbZo25ZwjsRCsCmxyLHhR4,18.113704,74.0279558,"427H+F5P, Bholi, Maharashtra 415526, India",4.0,1,False,[],,,True,0.5,3694.331230156797,0,0,2026-04-07T23:26:35.031842,80.1,0
Navle Hospital,"FR4F+PM4, Navale Hospital Rd, Narhe, Pune, Maharashtra 411041, India",General,establishment,ChIJWR8lCT-VwjsRQsv_GL0G7Gk,18.4567502,73.8241966,"FR4F+PM4, Navale Hospital Rd, Narhe, Pune, Maharashtra 411041, India",3.6,76,False,"['Monday: 8:00\u202fAM\u2009–\u20092:00\u202fPM', 'Tuesday: 8:00\u202fAM\u2009–\u20092:00\u202fPM', 'Wednesday: 8:00\u202fAM\u2009–\u20092:00\u202fPM', 'Thursday: 8:00\u202fAM\u2009–\u20092:00\u202fPM', 'Friday: 8:00\u202fAM\u2009–\u20092:00\u202fPM', 'Saturday: 8:00\u202fAM\u2009–\u20092:00\u202fPM', 'Sunday: Closed']",,,True,0.5,2807.236019943411,0,0,2026-04-07T23:26:15.402636,79.6,0
Prayag Hospital,"DTDC - Deccan Gymkhana, 1247, Jangali Maharaj Rd, Pulachi Wadi, Shivajinagar, Pune, Maharashtra 411004, India",General,establishment,ChIJDbjeFnjAwjsRcYF8lPIQ_vg,18.5159671,73.8426008,"DTDC - Deccan Gymkhana, 1247, Jangali Maharaj Rd, Pulachi Wadi, Shivajinagar, Pune, Maharashtra 411004, India",3.3,120,True,"['Monday: Open 24 hours', 'Tuesday: Open 24 hours', 'Wednesday: Open 24 hours', 'Thursday: Open 24 hours', 'Friday: Open 24 hours', 'Saturday: Open 24 hours', 'Sunday: Open 24 hours']",020 2553 2812,https://www.prayaghospital.org/,True,0.85,1566.174498112337,1,1,2026-04-07T23:25:51.804605,78.0,0
Mukundrao Lele Hospital,"GV93+XP5, Shaniwar Peth, Pune, Maharashtra 411030, India",General,establishment,ChIJX6TVOWXAwjsRV9hVtttnnYk,18.5198803,73.8543558,"GV93+XP5, Shaniwar Peth, Pune, Maharashtra 411030, India",3.8,16,False,"['Monday: 3:30\u2009–\u20094:30\u202fAM, 9:30\u2009–\u200911:00\u202fAM', 'Tuesday: 10:00\u202fAM\u2009–\u20095:00\u202fPM', 'Wednesday: Closed', 'Thursday: 10:00\u202fAM\u2009–\u20095:00\u202fPM', 'Friday: 10:01\u202fAM\u2009–\u20095:00\u202fPM', 'Saturday: 10:00\u202fAM\u2009–\u20091:00\u202fPM', 'Sunday: Closed']",,,True,0.5,253.8296011391596,0,0,2026-04-07T23:25:50.575962,77.6,0
Mauli Nursing Home And Patawardan Hospital,"32/1/1, Dhankawadi Rd, Girinagar Society, Anant Nagar, Kala Nagar, Dhankawadi, Pune, Maharashtra 411043, India",General,establishment,ChIJKUOp7bnqwjsRPUuHRR_fW6I,18.464484,73.8556967,"32/1/1, Dhankawadi Rd, Girinagar Society, Anant Nagar, Kala Nagar, Dhankawadi, Pune, Maharashtra 411043, India",3.8,12,False,[],,,True,0.5,932.643869611715,0,0,2026-04-07T23:26:13.877956,77.2,0
Sanjivan hospital shirval,"4XVG+QC8, Rd to Palshi Village, Shirwal, Maharashtra 412801, India",General,establishment,ChIJkcgGQT73wjsRW0MyRMCs6q0,18.1444113,73.9760754,"4XVG+QC8, Rd to Palshi Village, Shirwal, Maharashtra 412801, India",3.8,9,True,"['Monday: Open 24 hours', 'Tuesday: Open 24 hours', 'Wednesday: Open 24 hours', 'Thursday: Open 24 hours', 'Friday: Open 24 hours', 'Saturday: Open 24 hours', 'Sunday: Open 24 hours']",,,True,0.7,4666.214709256093,0,0,2026-04-07T23:26:37.649287,76.9,0
"Dr. Tepan ENT Clinic in Shivajinagar | Best ENT Specialist | ENT Doctor in Shivajinagar, Pune","Survey No 1187/13, Chitroda Niwas, Ghole Rd, next to NIO, Shivajinagar, Pune, Maharashtra 411005, India",General Practice,doctor,ChIJUQPttn7AwjsRZ2J4-1_ntK4,18.5241733,73.8471713,"Survey No 1187/13, Chitroda Niwas, Ghole Rd, next to NIO, Shivajinagar, Pune, Maharashtra 411005, India",3.6,49,False,"['Monday: 10:00\u202fAM\u2009–\u20095:00\u202fPM', 'Tuesday: 10:00\u202fAM\u2009–\u20095:00\u202fPM', 'Wednesday: 10:00\u202fAM\u2009–\u20095:00\u202fPM', 'Thursday: 10:00\u202fAM\u2009–\u20095:00\u202fPM', 'Friday: 10:00\u202fAM\u2009–\u20095:00\u202fPM', 'Saturday: 10:00\u202fAM\u2009–\u20095:00\u202fPM', 'Sunday: 10:00\u202fAM\u2009–\u20092:00\u202fPM']",020 2553 5181,https://drshindeentclinic.com/,True,0.65,1088.751616757275,1,1,2026-04-07T23:25:52.552099,76.9,0
Nandadeep Hospital,"GRGR+6P4, Fergusson College Rd, Opp ING Vyasa Bank, Sud Nagar, Shivajinagar, Pune, Maharashtra 411005, India",General,establishment,ChIJURKeg4C_wjsRCVYAOHxDf2Q,18.525505,73.84181699999999,"GRGR+6P4, Fergusson College Rd, Opp ING Vyasa Bank, Sud Nagar, Shivajinagar, Pune, Maharashtra 411005, India",3.7,3,False,[],,,True,0.5,1668.7013246547283,0,0,2026-04-07T23:25:51.452383,74.3,0
Jagtap Hospital,"4X6R+C9Q, Moh tarf shirwal, Dhangarwadi, Maharashtra 412801, India",General,establishment,ChIJubjoOmRYwjsR9Xx4AzaBkko,18.1110836,73.9909974,"4X6R+C9Q, Moh tarf shirwal, Dhangarwadi, Maharashtra 412801, India",3.6,8,False,[],,,True,0.5,4968.282444067009,0,0,2026-04-07T23:26:39.585999,72.8,0
Dr Satish Gore Clinic,"Flat no.8, Kamala Regency, 1128, Fergusson College Rd, Model Colony, Shivajinagar, Pune, Maharashtra 411016, India",General,establishment,ChIJuefvB4C_wjsRCYUefTS-Ank,18.5272776,73.8421103,"Flat no.8, Kamala Regency, 1128, Fergusson College Rd, Model Colony, Shivajinagar, Pune, Maharashtra 411016, India",3.3,51,False,[],094204 83107,http://www.drgoreonline.com,True,0.65,1717.8671249240683,1,1,2026-04-07T23:25:52.426410,71.1,0
Manas Hospital,"Ground Floor, Shivalay Heights, near Gaymukh Smashanbhumi, Dalavi Nagar, Ambegaon Budruk, Pune, Maharashtra 411046, India",General,establishment,ChIJKUPZRTKVwjsRO56o3jNEhXU,18.4498221,73.83791470000001,"Ground Floor, Shivalay Heights, near Gaymukh Smashanbhumi, Dalavi Nagar, Ambegaon Budruk, Pune, Maharashtra 411046, India",3.4,25,True,"['Monday: 10:00\u202fAM\u2009–\u200911:30\u202fPM', 'Tuesday: 10:00\u202fAM\u2009–\u200911:30\u202fPM', 'Wednesday: 10:00\u202fAM\u2009–\u200911:30\u202fPM', 'Thursday: 10:00\u202fAM\u2009–\u200911:30\u202fPM', 'Friday: 10:00\u202fAM\u2009–\u200911:30\u202fPM', 'Saturday: 10:00\u202fAM\u2009–\u200911:30\u202fPM', 'Sunday: 10:00\u202fAM\u2009–\u200911:30\u202fPM']",073857 48612,,True,0.7999999999999999,1605.0072306188974,1,0,2026-04-07T23:26:14.469099,70.5,0
Kamat Hospital,"Ratan Chambers, GV69+XQ9, Shekh Madarasha Kadari Rd, New Nana Peth, Bhawani Peth, Pune, Maharashtra 411002, India",General,establishment,ChIJOft5bEHAwjsR3XwfOKNF-iQ,18.5124029,73.8694709,"Ratan Chambers, GV69+XQ9, Shekh Madarasha Kadari Rd, New Nana Peth, Bhawani Peth, Pune, Maharashtra 411002, India",3.5,2,False,[],074481 81629,,True,0.6,1613.6699041569,1,0,2026-04-07T23:25:54.062447,70.2,0
Mediplus Multispeciality Hospital,"At Bholi, Khandala Loni Road, 429H+46J, Mumbai - Pandharpur Rd, Shirwal, Bholi, Maharashtra 415526, India",General,establishment,ChIJ6UbDfONZwjsRaF-jhlVt1bw,18.1178495,74.0280193,"At Bholi, Khandala Loni Road, 429H+46J, Mumbai - Pandharpur Rd, Shirwal, Bholi, Maharashtra 415526, India",3.4,10,True,"['Monday: Open 24 hours', 'Tuesday: Open 24 hours', 'Wednesday: Open 24 hours', 'Thursday: Open 24 hours', 'Friday: Open 24 hours', 'Saturday: Open 24 hours', 'Sunday: Open 24 hours']",,,True,0.7,3248.1685787852416,0,0,2026-04-07T23:26:34.801317,69.0,0
Vatsalya Hospital,"Panmala, FRXV+J7H, Sinhgad Road, in front of Cosmos Bank, Panmala Vasahat, Dattawadi, Pune, Maharashtra 411030, India",General,establishment,ChIJVVVVxfW_wjsRX3yTqyq4KBI,18.4990696,73.8432423,"Panmala, FRXV+J7H, Sinhgad Road, in front of Cosmos Bank, Panmala Vasahat, Dattawadi, Pune, Maharashtra 411030, India",3.3,17,False,"['Monday: 10:00\u202fAM\u2009–\u20091:00\u202fPM, 7:00\u2009–\u20099:00\u202fPM', 'Tuesday: 10:00\u202fAM\u2009–\u20091:00\u202fPM, 7:00\u2009–\u20099:00\u202fPM', 'Wednesday: 10:00\u202fAM\u2009–\u20091:00\u202fPM, 7:00\u2009–\u20099:00\u202fPM', 'Thursday: 10:00\u202fAM\u2009–\u20091:00\u202fPM, 7:00\u2009–\u20099:00\u202fPM', 'Friday: 10:00\u202fAM\u2009–\u20091:00\u202fPM, 7:00\u2009–\u20099:00\u202fPM', 'Saturday: 10:00\u202fAM\u2009–\u20091:00\u202fPM, 7:00\u2009–\u20099:00\u202fPM', 'Sunday: Closed']",098220 13438,,True,0.6,2168.052430426648,1,0,2026-04-07T23:26:26.955862,67.7,0
Dental Hospital,"Shop 18, Ajantha Complex, Opposite Poona Cafe, near Kem Hospital, New Nana Peth, Rasta Peth, Pune, Maharashtra 411002, India",General,establishment,ChIJwzh9G0PAwjsR_A65ZbAukLs,18.5173185,73.8687143,"Shop 18, Ajantha Complex, Opposite Poona Cafe, near Kem Hospital, New Nana Peth, Rasta Peth, Pune, Maharashtra 411002, India",3.0,3,False,[],094220 65962,,True,0.6,1312.2773889006571,1,0,2026-04-07T23:25:54.897083,60.3,0
Hospital,"43, Sinhgad College Rd, Jadhav Nagar, Vadgaon Budruk, Pune, Maharashtra 411041, India",General,establishment,ChIJ-byIX0SVwjsRdiPqEyxWUnI,18.4668214,73.82622669999999,"43, Sinhgad College Rd, Jadhav Nagar, Vadgaon Budruk, Pune, Maharashtra 411041, India",3.0,2,False,[],,,True,0.5,2791.366263460215,0,0,2026-04-07T23:26:15.172320,60.2,0
Shubham Clinic,"Yashdeep Building, FRGC+R39, Samarth Park - Brahma Garden Rd, Samarth Park, Anand Nagar, Pune, Maharashtra 411051, India",General,establishment,ChIJo7B0Wl6VwjsRD4N9TgDfLzo,18.4770276,73.82024969999999,"Yashdeep Building, FRGC+R39, Samarth Park - Brahma Garden Rd, Samarth Park, Anand Nagar, Pune, Maharashtra 411051, India",3.0,1,False,[],,,True,0.5,3885.462956916273,0,0,2026-04-07T23:26:17.871255,60.1,0
Vinayak Hospital,"1, Arihant Society, Maharshi Nagar, Pune, Maharashtra 411037, India",General,establishment,ChIJwaQ-2h7AwjsROKCphDQHNUI,18.4891541,73.8620237,"1, Arihant Society, Maharshi Nagar, Pune, Maharashtra 411037, India",2.7,6,False,[],,,True,0.5,3713.487165838098,0,0,2026-04-07T23:26:17.256720,54.6,0
Ugale Dental Clinic & Oral Health Care,"4XWG+QPX, Shirwal, Maharashtra 412801, India",General,establishment,ChIJsYRQfDb2wjsR7D8bHFypbNY,18.1469793,73.9768749,"4XWG+QPX, Shirwal, Maharashtra 412801, India",2.5,12,False,"['Monday: 10:00\u202fAM\u2009–\u20097:00\u202fPM', 'Tuesday: 10:00\u202fAM\u2009–\u20097:00\u202fPM', 'Wednesday: 10:00\u202fAM\u2009–\u20097:00\u202fPM', 'Thursday: 10:00\u202fAM\u2009–\u20097:00\u202fPM', 'Friday: 10:00\u202fAM\u2009–\u20097:00\u202fPM', 'Saturday: 10:00\u202fAM\u2009–\u20095:00\u202fPM', 'Sunday: Closed']",096230 87427,,True,0.6,4578.966052962972,1,0,2026-04-07T23:26:36.420660,51.2,0
Childrens Hospital agarwal,"3rd Floor, Sinhagad Road, Manik Baug, Aboce Anandi Dining Hall, Manik Baug, Dhayari, Shobhapur, Kasba Peth, Pune, Maharashtra 411011, India",General Practice,doctor,ChIJq6qq6ti-wjsRnpaHbXYi0k4,18.5205081,73.8567695,"3rd Floor, Sinhagad Road, Manik Baug, Aboce Anandi Dining Hall, Manik Baug, Dhayari, Shobhapur, Kasba Peth, Pune, Maharashtra 411011, India",0.0,0,False,[],020 2435 6786,,True,0.6,14.077691110142704,1,0,2026-04-07T23:25:55.356718,0.0,0
Clinic,"B, 587, Market Yard, Burhanj Baug-B Colony, Market Yard, Gultekadi, Pune, Maharashtra 411037, India",General,establishment,ChIJhc5lDyDAwjsR0dWNfWXK60M,18.485415,73.86654,"B, 587, Market Yard, Burhanj Baug-B Colony, Market Yard, Gultekadi, Pune, Maharashtra 411037, India",0.0,0,False,[],,,True,0.5,3520.0268593679275,0,0,2026-04-07T23:26:16.873505,0.0,0
Dr Yavalkar's Hospital,"1120, 6, Lakaki Rd, Rage Path, Model Colony, Shivajinagar, Pune, Maharashtra 411016, India",General,establishment,ChIJ____T36_wjsRJ7YiwcSSqv0,18.5293681,73.8405277,"1120, 6, Lakaki Rd, Rage Path, Model Colony, Shivajinagar, Pune, Maharashtra 411016, India",0.0,0,False,[],097625 55905,,True,0.6,1975.295605028565,1,0,2026-04-07T23:25:54.411570,0.0,0
Government Veterinary Hospital Shirwal,"5X3F+FVR, Shirwal, Maharashtra 412801, India",General,establishment,ChIJYVWXJgD3wjsRKv1OgnRTUas,18.1537399,73.9746413,"5X3F+FVR, Shirwal, Maharashtra 412801, India",0.0,0,False,"['Monday: 8:00\u202fAM\u2009–\u20096:00\u202fPM', 'Tuesday: 8:00\u202fAM\u2009–\u20096:00\u202fPM', 'Wednesday: 8:00\u202fAM\u2009–\u20096:00\u202fPM', 'Thursday: 8:00\u202fAM\u2009–\u20096:00\u202fPM', 'Friday: 8:00\u202fAM\u2009–\u20096:00\u202fPM', 'Saturday: 8:00\u202fAM\u2009–\u20096:00\u202fPM', 'Sunday: Closed']",,,True,0.5,4888.225300586391,0,0,2026-04-07T23:26:39.083622,0.0,0
Hospital,"4XWG+MQW, Shirwal, Maharashtra 412801, India",General,establishment,ChIJHzYGAwD3wjsRo8fDUTmgHCg,18.1467296,73.9769507,"4XWG+MQW, Shirwal, Maharashtra 412801, India",0.0,0,False,[],,,True,0.5,4570.452174194294,0,0,2026-04-07T23:26:36.200864,0.0,0
Hospital,"1, Narhe Gaon Rd, Ambegaon Budruk, Pune, Maharashtra 411041, India",General,establishment,ChIJdRpmzCSVwjsRFMZqlMM5Kw8,18.446371,73.8270458,"1, Narhe Gaon Rd, Ambegaon Budruk, Pune, Maharashtra 411041, India",0.0,0,False,[],,,True,0.5,2794.4903188846347,0,0,2026-04-07T23:26:15.276594,0.0,0
Prostate Surgery Clinic,"Sai Platinum Building, 559, Laxmi Rd, near Vijay cinema Sun Clinic, opp. Jyoti Gas appliances, Sadashiv Peth, Pune, Maharashtra 411030, India",General Practice,doctor,ChIJ05G0q1-VwjsRzyuvOxSKKzI,18.5139051,73.8494995,"Sai Platinum Building, 559, Laxmi Rd, near Vijay cinema Sun Clinic, opp. Jyoti Gas appliances, Sadashiv Peth, Pune, Maharashtra 411030, India",0.0,0,False,[],098500 63926,http://www.sunclinic.in/,True,0.65,1047.840297789924,1,1,2026-04-07T23:25:57.707889,0.0,0
Ranka Cardiology Hospital in Swargate Pune,"FVV6+XMF, Chipalkatti Rd, Mukund Nagar, Pune, Maharashtra 411037, India",General,establishment,ChIJ7UM3xRnAwjsR5YY-vU3cDw0,18.4949477,73.8616656,"FVV6+XMF, Chipalkatti Rd, Mukund Nagar, Pune, Maharashtra 411037, India",0.0,0,False,[],020 2426 1530,http://www.rankahospital.com/,True,0.65,2878.19262268053,1,1,2026-04-07T23:26:05.788549,0.0,0
SGM HOSPITAL SHIRWAL DIST.SATARA 412801,"shirwal,tal.khandala, Shirwal, Maharashtra 412801, India",General,establishment,ChIJn6kIg5v3wjsR9q6-ckCr0Sk,18.1465803,73.9760022,"shirwal,tal.khandala, Shirwal, Maharashtra 412801, India",0.0,0,False,[],,,True,0.5,4670.446108085721,0,0,2026-04-07T23:26:37.750125,0.0,0
Sai clinic,"5286+GCF, Panjalwadi, Maharashtra 412205, India",General,establishment,ChIJ3zuHdmj3wjsRd30NB1I5a34,18.166315,74.01105179999999,"5286+GCF, Panjalwadi, Maharashtra 412205, India",0.0,0,False,[],,,True,0.5,2446.8178440346437,0,0,2026-04-07T23:26:34.491625,0.0,0
Sangam Hospital - Raviwar Peth,"Shop No, 775, Ganesh Rd, Raviwar Peth, Pune, Maharashtra 411011, India",General,establishment,ChIJHUjTHmbAwjsRchc-th7gUSM,18.5189888,73.86061049999999,"Shop No, 775, Ganesh Rd, Raviwar Peth, Pune, Maharashtra 411011, India",0.0,0,False,"['Monday: 9:00\u2009–\u200911:00\u202fAM, 1:00\u2009–\u20092:30\u202fPM, 8:00\u2009–\u20099:00\u202fPM', 'Tuesday: 9:00\u2009–\u200911:00\u202fAM, 1:00\u2009–\u20092:30\u202fPM, 8:00\u2009–\u20099:00\u202fPM', 'Wednesday: 9:00\u2009–\u200911:00\u202fAM, 1:00\u2009–\u20092:30\u202fPM, 8:00\u2009–\u20099:00\u202fPM', 'Thursday: 9:00\u2009–\u200911:00\u202fAM, 1:00\u2009–\u20092:30\u202fPM, 8:00\u2009–\u20099:00\u202fPM', 'Friday: 9:00\u2009–\u200911:00\u202fAM, 1:00\u2009–\u20092:30\u202fPM, 8:00\u2009–\u20099:00\u202fPM', 'Saturday: 9:00\u2009–\u200911:00\u202fAM, 1:00\u2009–\u20092:30\u202fPM', 'Sunday: Closed']",020 2445 9462,http://sangamhospital.in/,True,0.65,441.1608367636913,1,1,2026-04-07T23:25:55.709549,0.0,0
Shinde hospital,"5296+4RF, Nhavi, Maharashtra 412205, India",General,establishment,ChIJlUVKrP33wjsRE9GoYEDB-eY,18.1678032,74.0120341,"5296+4RF, Nhavi, Maharashtra 412205, India",0.0,0,False,[],,,True,0.5,2562.8814090042138,0,0,2026-04-07T23:26:34.689133,0.0,0
Siddhivinayak clinic,"Bholi, shirval lonand road tal khandal, Bholi, Maharashtra 415526, India",General,establishment,ChIJEbLqIadZwjsRsCxBJGWg7nk,18.1175726,74.0289189,"Bholi, shirval lonand road tal khandal, Bholi, Maharashtra 415526, India",0.0,0,False,[],,,True,0.5,3303.199539102544,0,0,2026-04-07T23:26:34.919116,0.0,0
Vengara,"FRCC+4F2 Complete Dental Clinic, Niranjan Park, Anand Nagar, Pune, Maharashtra 411051, India",General,establishment,ChIJ-YcoJ12VwjsR81L0prZLFNE,18.4702542,73.8211441,"FRCC+4F2 Complete Dental Clinic, Niranjan Park, Anand Nagar, Pune, Maharashtra 411051, India",0.0,0,False,[],,,True,0.5,3434.3362204451078,0,0,2026-04-07T23:26:16.649847,0.0,0
Vijaya Homeopathy Clinic,"Shivshakti chouk, near P.D.C.C. bank, Kashinath Patil Nagar, Panchod, Balaji Nagar, Pune, Maharashtra 411043, India",General,establishment,ChIJEwZ7HbzqwjsR6m6O7sUXo1s,18.466762,73.8602106,"Shivshakti chouk, near P.D.C.C. bank, Kashinath Patil Nagar, Panchod, Balaji Nagar, Pune, Maharashtra 411043, India",0.0,0,False,[],083789 26269,,True,0.6,1430.3267217975406,1,0,2026-04-07T23:26:14.342642,0.0,0
homeopathy Clinic,"4XXH+5C3, Unnamed Road, शिरवळ, महाराष्ट्र 412801, India",General,establishment,ChIJBfhXttL3wjsR6I-_HOCI0Zc,18.1478895,73.97854079999999,"4XXH+5C3, Unnamed Road, शिरवळ, महाराष्ट्र 412801, India",0.0,0,False,[],,,True,0.5,4406.379365948503,0,0,2026-04-07T23:26:35.246097,0.0,0
