name,location,specialty,facility_type,place_id,latitude,longitude,vicinity,rating,reviews,is_open_now,opening_hours,phone_number,website,emergency_facility,response_probability,distance_from_center,has_phone,has_website,collected_at
Banka Hospital,"CWQ5+HMJ, Shree Siddhivinayak Meera, Undri, Pune, Maharashtra 411060, India",General,establishment,ChIJByNMSADrwjsRDv9N_f1geY8,18.4389681,73.90914099999999,"CWQ5+HMJ, Shree Siddhivinayak Meera, Undri, Pune, Maharashtra 411060, India",5.0,1,False,[],,https://www.bankainfracon.com/,True,0.55,2018.4449232632219,0,1,2026-04-08T12:54:44.869957
Hospital buildings N I N,"CWQ2+WH4, Yewalewadi, Kondhwa Budruk, Pune, Maharashtra 411048, India",General,establishment,ChIJaYfVl13rwjsRTx3Va8wLtVg,18.4400397,73.90026379999999,"CWQ2+WH4, Yewalewadi, Kondhwa Budruk, Pune, Maharashtra 411048, India",4.9,12,False,[],,,True,0.5,2252.0518746174785,0,0,2026-04-08T12:54:45.172986
Dr Bandorawalla Government Leprosy Hospital,"CVQX+P8J, Yewalewadi, Kondhwa, Pune, Maharashtra 411048, India",General,establishment,ChIJYWXFp2XAwjsR-UDw9_SFGzo,18.4393295,73.8982564,"CVQX+P8J, Yewalewadi, Kondhwa, Pune, Maharashtra 411048, India",3.8,16,True,"['Monday: 9:00\u202fAM\u2009–\u20095:00\u202fPM', 'Tuesday: 9:00\u202fAM\u2009–\u20095:00\u202fPM', 'Wednesday: 9:00\u202fAM\u2009–\u20095:00\u202fPM', 'Thursday: Closed', 'Friday: 9:00\u202fAM\u2009–\u20095:00\u202fPM', 'Saturday: 9:00\u202fAM\u2009–\u20095:00\u202fPM', 'Sunday: Closed']",020 2693 0876,,True,0.7999999999999999,2258.141107230419,1,0,2026-04-08T12:54:45.422987
Kondhwa Hospital Gate,"CVQW+Q4V, Yewalewadi, Kondhwa Budruk, Pune, Maharashtra 411048, India",General,establishment,ChIJs2p2HgDrwjsRASV5u7oZkOg,18.4394918,73.8952905,"CVQW+Q4V, Yewalewadi, Kondhwa Budruk, Pune, Maharashtra 411048, India",0.0,0,False,[],,,True,0.5,2421.88278592328,0,0,2026-04-08T12:54:46.550258
Vinnayak Spine Hospital | Robotic Spine Super Speciality Hospital in Maharashtra | Spine Specialist in Pune,"kanade mala, 52/1, Jagdamba Bhawan Marg, near Little heart society, Shree Siddhivinayak Meera, Undri, Pune, Maharashtra 411060, India",General Practice,doctor,ChIJCWvPOgDrwjsRqKrh3m7SOrg,18.4438943,73.9135146,"kanade mala, 52/1, Jagdamba Bhawan Marg, near Little heart society, Shree Siddhivinayak Meera, Undri, Pune, Maharashtra 411060, India",4.5,385,True,"['Monday: 11:00\u202fAM\u2009–\u20097:00\u202fPM', 'Tuesday: 11:00\u202fAM\u2009–\u20097:00\u202fPM', 'Wednesday: 11:00\u202fAM\u2009–\u20097:00\u202fPM', 'Thursday: 9:00\u202fAM\u2009–\u20095:00\u202fPM', 'Friday: 11:00\u202fAM\u2009–\u20097:00\u202fPM', 'Saturday: 11:00\u202fAM\u2009–\u20097:00\u202fPM', 'Sunday: Closed']",075759 97575,http://spinespecialistpune.com/,True,0.85,2640.257306831197,1,1,2026-04-08T12:54:48.101390
Gupta House & Hospital,"survey no 56/6, Shree Siddhivinayak Meera, Undri, Pune, Maharashtra 411060, India",General,establishment,ChIJCT7JmrnrwjsR_p84s6aSRfA,18.4452249,73.9130842,"survey no 56/6, Shree Siddhivinayak Meera, Undri, Pune, Maharashtra 411060, India",5.0,1,True,"['Monday: Open 24 hours', 'Tuesday: Open 24 hours', 'Wednesday: Open 24 hours', 'Thursday: Open 24 hours', 'Friday: Open 24 hours', 'Saturday: Open 24 hours', 'Sunday: Open 24 hours']",,,True,0.7,2773.3438714567596,0,0,2026-04-08T12:54:48.337950
"Smt Kashibai Navale College and General Hospital, Urban Health Training Centre (UHTC,Kondhwa)","CVVV+Q93, Kondhwa Budruk, Pune, Maharashtra 411048, India",General,establishment,ChIJkdyiftHrwjsR9aYyqx58VBI,18.4443851,73.8934288,"CVVV+Q93, Kondhwa Budruk, Pune, Maharashtra 411048, India",0.0,0,True,"['Monday: 9:30\u202fAM\u2009–\u20094:00\u202fAM', 'Tuesday: 9:30\u202fAM\u2009–\u20094:00\u202fAM', 'Wednesday: 9:30\u202fAM\u2009–\u20094:00\u202fAM', 'Thursday: 9:30\u202fAM\u2009–\u20094:00\u202fAM', 'Friday: 9:30\u202fAM\u2009–\u20094:00\u202fAM', 'Saturday: 9:30\u202fAM\u2009–\u20094:00\u202fAM', 'Sunday: Closed']",,,True,0.7,2990.8414902706004,0,0,2026-04-08T12:54:51.103598
SHIVMANGAL MULTISPECIALITY HOSPITAL,"1st Floor, Bandal Empire, Wadachi Wadi Rd, near Aero Nest Society, Shree Siddhivinayak Meera, Undri, Pune, Maharashtra 411060, India",General Practice,doctor,ChIJj1hhuofrwjsRuSMuue545qY,18.4464804,73.91701189999999,"1st Floor, Bandal Empire, Wadachi Wadi Rd, near Aero Nest Society, Shree Siddhivinayak Meera, Undri, Pune, Maharashtra 411060, India",4.9,180,True,"['Monday: Open 24 hours', 'Tuesday: Open 24 hours', 'Wednesday: Open 24 hours', 'Thursday: Open 24 hours', 'Friday: Open 24 hours', 'Saturday: Open 24 hours', 'Sunday: Open 24 hours']",096979 89305,https://shivmangalhospital.com/#/,True,0.85,3024.4115631318746,1,1,2026-04-08T12:54:52.336977
Welfare multi-speciality hospital,"jagdamba chowk, next to gagan cefiro, behind Ambekar hotel, Undri, Pune, Maharashtra 411060, India",General,establishment,ChIJyVG6HtbrwjsROLD-nqxRQis,18.4483269,73.9109531,"jagdamba chowk, next to gagan cefiro, behind Ambekar hotel, Undri, Pune, Maharashtra 411060, India",5.0,35,True,"['Monday: Open 24 hours', 'Tuesday: Open 24 hours', 'Wednesday: Open 24 hours', 'Thursday: Open 24 hours', 'Friday: Open 24 hours', 'Saturday: Open 24 hours', 'Sunday: Open 24 hours']",095112 95983,,True,0.7999999999999999,3074.113474737133,1,0,2026-04-08T12:54:53.269057
AYUSH HOSPITAL,"Shop no. 4 shivaprasad complex, in front of dharmavat petrol pump, Pisoli, Pune, Maharashtra 411060, India",General,establishment,ChIJ8xCZyk7qwjsR0FqVUug8eNQ,18.449276,73.9045424,"Shop no. 4 shivaprasad complex, in front of dharmavat petrol pump, Pisoli, Pune, Maharashtra 411060, India",4.9,74,True,"['Monday: 8:00\u202fAM\u2009–\u200910:00\u202fPM', 'Tuesday: 8:00\u202fAM\u2009–\u200910:00\u202fPM', 'Wednesday: 8:00\u202fAM\u2009–\u200910:00\u202fPM', 'Thursday: 8:00\u202fAM\u2009–\u200910:00\u202fPM', 'Friday: 8:00\u202fAM\u2009–\u200910:00\u202fPM', 'Saturday: 8:00\u202fAM\u2009–\u200910:00\u202fPM', 'Sunday: 10:00\u202fAM\u2009–\u20091:00\u202fPM']",090962 42346,,True,0.7999999999999999,3167.7920627174044,1,0,2026-04-08T12:54:53.570222
Shreenath Hospital,"CVWR+398, Rupnagar Rd, Sambhajinagar, Kondhwa Budruk, Pune, Maharashtra 411048, India",General,establishment,ChIJGwAAx1XqwjsRzdZ_DtVGXjQ,18.445158,73.89095069999999,"CVWR+398, Rupnagar Rd, Sambhajinagar, Kondhwa Budruk, Pune, Maharashtra 411048, India",0.0,0,False,[],,,True,0.5,3198.7974864421726,0,0,2026-04-08T12:54:54.167245
"Flamingo Hospital, Pune","Ground Floor, Sky Pavillion, Atur Nagar, Undri, Pune, Maharashtra 411060, India",General,establishment,ChIJffQgeInrwjsRVD8KyorTNKo,18.4509646,73.9138809,"Ground Floor, Sky Pavillion, Atur Nagar, Undri, Pune, Maharashtra 411060, India",0.0,0,True,"['Monday: Open 24 hours', 'Tuesday: Open 24 hours', 'Wednesday: Open 24 hours', 'Thursday: Open 24 hours', 'Friday: Open 24 hours', 'Saturday: Open 24 hours', 'Sunday: Open 24 hours']",,,True,0.7,3414.8388580932133,0,0,2026-04-08T12:54:56.668206
NIRVANA HOSPITAL,"Rahi Complex, Bus Stop, Main Chowk, behind Last PMT, Atur Nagar, Undri, Pune, Maharashtra 411060, India",General,establishment,ChIJ7bjJ-zbqwjsRrLHu0Qa3TsE,18.4509304,73.9157939,"Rahi Complex, Bus Stop, Main Chowk, behind Last PMT, Atur Nagar, Undri, Pune, Maharashtra 411060, India",4.1,15,True,"['Monday: 10:30\u202fAM\u2009–\u20099:00\u202fPM', 'Tuesday: 10:30\u202fAM\u2009–\u20099:00\u202fPM', 'Wednesday: 10:30\u202fAM\u2009–\u20099:00\u202fPM', 'Thursday: 10:30\u202fAM\u2009–\u20099:00\u202fPM', 'Friday: 10:30\u202fAM\u2009–\u20099:00\u202fPM', 'Saturday: 10:30\u202fAM\u2009–\u20098:00\u202fPM', 'Sunday: Closed']",099223 60790,,True,0.7999999999999999,3458.0992040303427,1,0,2026-04-08T12:54:43.900626
JAIHIND MULTISPECIALITY HOSPITAL,"1st Floor, Purvant Heights, Chowk, near Undri, Undri, Pune, Maharashtra 411060, India",General,establishment,ChIJm45yONzrwjsRTYhvwjhKoG4,18.4507158,73.9169423,"1st Floor, Purvant Heights, Chowk, near Undri, Undri, Pune, Maharashtra 411060, India",4.8,50,True,"['Monday: Open 24 hours', 'Tuesday: Open 24 hours', 'Wednesday: Open 24 hours', 'Thursday: Open 24 hours', 'Friday: Open 24 hours', 'Saturday: Open 24 hours', 'Sunday: Open 24 hours']",093710 06659,,True,0.7999999999999999,3468.7953834747746,1,0,2026-04-08T12:54:57.287228
Sangam Hospital - Undri IVF & Maternity Centre,"Survey 59/1A/1, Orchids The International School Rd, opposite Orchids International school, Bellagio, Undri, Pune, Maharashtra 411060, India",General,establishment,ChIJf5QnXTXrwjsR8DfHeoDmxj8,18.4536767,73.9118069,"Survey 59/1A/1, Orchids The International School Rd, opposite Orchids International school, Bellagio, Undri, Pune, Maharashtra 411060, India",4.7,190,True,"['Monday: Open 24 hours', 'Tuesday: Open 24 hours', 'Wednesday: Open 24 hours', 'Thursday: Open 24 hours', 'Friday: Open 24 hours', 'Saturday: Open 24 hours', 'Sunday: Open 24 hours']",087886 15687,https://sangamhospital.in/,True,0.85,3675.62863518028,1,1,2026-04-08T12:54:58.784078
Hospital,"Kondhwa - Saswad Rd, Handewadi, Pune, Maharashtra 411060, India",General,establishment,ChIJKRSm9orrwjsRqGf-wncVbMQ,18.4519048,73.9217905,"Kondhwa - Saswad Rd, Handewadi, Pune, Maharashtra 411060, India",0.0,0,False,[],087669 12794,,True,0.6,3772.683004562096,1,0,2026-04-08T12:55:00.189771
Miracle Multispeciality Hospital,"Katraj - Kondhwa Rd, behind SBI, Gokul Nagar, Anand Tirth Nagar, Kondhwa Budruk, Pune, Maharashtra 411048, India",General,establishment,ChIJnZwd0DfrwjsRq8uS5iY40Fw,18.4508001,73.8754297,"Katraj - Kondhwa Rd, behind SBI, Gokul Nagar, Anand Tirth Nagar, Kondhwa Budruk, Pune, Maharashtra 411048, India",4.5,61,True,"['Monday: Open 24 hours', 'Tuesday: Open 24 hours', 'Wednesday: Open 24 hours', 'Thursday: Open 24 hours', 'Friday: Open 24 hours', 'Saturday: Open 24 hours', 'Sunday: Open 24 hours']",077900 90021,http://www.miraclehospitalpune.com/,True,0.85,4724.733154914577,1,1,2026-04-08T12:55:03.582354
Siddhivinayak Multi Speciality Hospital,"No. 3, Katraj - Kondhwa Rd, गणेश पेठ, Rajas Society, Kondhwa Budruk, Pune, Maharashtra 411046, India",General,establishment,ChIJ0xqhKO_qwjsRu4GikoEM8lU,18.449792,73.8741684,"No. 3, Katraj - Kondhwa Rd, गणेश पेठ, Rajas Society, Kondhwa Budruk, Pune, Maharashtra 411046, India",5.0,1,True,"['Monday: Open 24 hours', 'Tuesday: Open 24 hours', 'Wednesday: Open 24 hours', 'Thursday: Open 24 hours', 'Friday: Open 24 hours', 'Saturday: Open 24 hours', 'Sunday: Open 24 hours']",080 4805 2901,https://www.siddhivinayakmultispecialityvelu.com/,True,0.85,4743.5837052203005,1,1,2026-04-08T12:55:07.165235
Pride Multispeciality Hospital,"3rd floor, S. No. 65A, FV4H+6FX Shankeshwaram Plaza, 2/7, Kondhwa Budruk, Pune, Maharashtra 411048, India",General,establishment,ChIJgwnlJVTrwjsRQaEE91k5ubc,18.4557002,73.8787205,"3rd floor, S. No. 65A, FV4H+6FX Shankeshwaram Plaza, 2/7, Kondhwa Budruk, Pune, Maharashtra 411048, India",4.5,59,True,"['Monday: Open 24 hours', 'Tuesday: Open 24 hours', 'Wednesday: Open 24 hours', 'Thursday: Open 24 hours', 'Friday: Open 24 hours', 'Saturday: Open 24 hours', 'Sunday: Open 24 hours']",098901 88783,http://www.pridehospitalpune.com/,True,0.85,4902.2280125580855,1,1,2026-04-08T12:55:09.582271
628 Namo Multispeciality Hospital | Gastroenterology | Orthopedic Surgery | Diabetes | Kondhwa,"S. No 65, 2nd Floor, Front of Durgamata Temple, Chordia Corner, Arihant Society, Kondhwa, Pune, Maharashtra 411048, India",General Practice,doctor,ChIJc1TXlunrwjsR-WDSqIRDpSs,18.4568624,73.87847579999999,"S. No 65, 2nd Floor, Front of Durgamata Temple, Chordia Corner, Arihant Society, Kondhwa, Pune, Maharashtra 411048, India",4.8,454,True,"['Monday: Open 24 hours', 'Tuesday: Open 24 hours', 'Wednesday: Open 24 hours', 'Thursday: Open 24 hours', 'Friday: Open 24 hours', 'Saturday: Open 24 hours', 'Sunday: Open 24 hours']",070668 55855,https://www.namohospitalpune.com/,True,0.85,5020.4159544864315,1,1,2026-04-08T12:55:10.117412
Shree Saiprasad Hospital,"S.No. 49, 3/5, Gujarwadi Rd, Phata, Katrajnagar, Katraj, Pune, Maharashtra 411046, India",General,establishment,ChIJN0Blg9_qwjsRd-7iqQhWzZk,18.4387784,73.8627951,"S.No. 49, 3/5, Gujarwadi Rd, Phata, Katrajnagar, Katraj, Pune, Maharashtra 411046, India",5.0,21,True,"['Monday: Open 24 hours', 'Tuesday: Open 24 hours', 'Wednesday: Open 24 hours', 'Thursday: Open 24 hours', 'Friday: Open 24 hours', 'Saturday: Open 24 hours', 'Sunday: 10:00\u202fAM\u2009–\u200911:00\u202fPM']",098600 49991,,True,0.7999999999999999,5094.104483465537,1,0,2026-04-08T12:55:03.788672
Matoshree Hospital,"Mangdewadi, Katraj, Pune, Maharashtra 411046, India",General,establishment,ChIJuS5o_yPrwjsRWys7XLshaeE,18.4318902,73.85964609999999,"Mangdewadi, Katraj, Pune, Maharashtra 411046, India",4.6,10,True,"['Monday: 9:00\u202fAM\u2009–\u200910:00\u202fPM', 'Tuesday: 9:00\u202fAM\u2009–\u200910:00\u202fPM', 'Wednesday: 9:00\u202fAM\u2009–\u200910:00\u202fPM', 'Thursday: 9:00\u202fAM\u2009–\u200910:00\u202fPM', 'Friday: 9:00\u202fAM\u2009–\u200910:00\u202fPM', 'Saturday: 9:00\u202fAM\u2009–\u200910:00\u202fPM', 'Sunday: 9:00\u202fAM\u2009–\u200910:00\u202fPM']",099227 98479,,True,0.7999999999999999,5169.090305149464,1,0,2026-04-08T12:55:06.513908
Siddhivinayak Hospital Sukhsagar Nagar,"Part No. 2, Ambamatha Mandir, Lane No. 3, near Mahesh Bank, Sukhsagar Nagar, Katraj, Pune, Maharashtra 411046, India",General,establishment,ChIJ_cH0QjvrwjsRON_jGooY_dA,18.4558945,73.8710775,"Part No. 2, Ambamatha Mandir, Lane No. 3, near Mahesh Bank, Sukhsagar Nagar, Katraj, Pune, Maharashtra 411046, India",4.7,188,True,"['Monday: Open 24 hours', 'Tuesday: Open 24 hours', 'Wednesday: Open 24 hours', 'Thursday: Open 24 hours', 'Friday: Open 24 hours', 'Saturday: Open 24 hours', 'Sunday: Open 24 hours']",020 2696 1600,,True,0.7999999999999999,5450.081069325012,1,0,2026-04-08T12:55:01.722193
Prerna hospital,"Raviraj bungalow, s.n.16, near mansi apartment, Sukhsagar Nagar, Katraj, Pune, Maharashtra 411046, India",General,establishment,ChIJ4bVlYenqwjsRx6zVumWJmzw,18.4553037,73.8690416,"Raviraj bungalow, s.n.16, near mansi apartment, Sukhsagar Nagar, Katraj, Pune, Maharashtra 411046, India",3.9,48,True,"['Monday: Open 24 hours', 'Tuesday: Open 24 hours', 'Wednesday: Open 24 hours', 'Thursday: Open 24 hours', 'Friday: Open 24 hours', 'Saturday: Open 24 hours', 'Sunday: Open 24 hours']",020 2696 2425,,True,0.7999999999999999,5557.150620425165,1,0,2026-04-08T12:55:07.716857
Sai Sneh Hospital,"Pune - Satara Rd, opp. PMT Bus Depot, Katraj Vasahat, Katraj, Pune, Maharashtra 411046, India",General Practice,doctor,ChIJJQvHns7qwjsRy0LYlr8F78U,18.4463945,73.8596512,"Pune - Satara Rd, opp. PMT Bus Depot, Katraj Vasahat, Katraj, Pune, Maharashtra 411046, India",4.7,424,True,"['Monday: Open 24 hours', 'Tuesday: Open 24 hours', 'Wednesday: Open 24 hours', 'Thursday: Open 24 hours', 'Friday: Open 24 hours', 'Saturday: Open 24 hours', 'Sunday: Open 24 hours']",088881 50101,https://www.saisnehhospital.com/,True,0.85,5766.587924393633,1,1,2026-04-08T12:55:00.902296
BISMR Global Healthcare Multispeciality Hospital,"Super Bus Depo, nr. Uppar, Upper Indira Nagar, Bibwewadi, Pune, Maharashtra 411046, India",General,establishment,ChIJZY4jjWDrwjsRtkXrnyZ6tOQ,18.4603338,73.87154509999999,"Super Bus Depo, nr. Uppar, Upper Indira Nagar, Bibwewadi, Pune, Maharashtra 411046, India",4.7,53,True,"['Monday: Open 24 hours', 'Tuesday: Open 24 hours', 'Wednesday: Open 24 hours', 'Thursday: Open 24 hours', 'Friday: Open 24 hours', 'Saturday: Open 24 hours', 'Sunday: Open 24 hours']",,https://www.instagram.com/bismr_global_hospital?igsh=MXZ1N2hoeXV5djRxdA==,True,0.75,5780.467111530945,0,1,2026-04-08T12:55:05.606622
"Satyanand Multispeciality Hospital & Elderly Care, Pune","Main Road, opp. Konark Indrayu Mall, Kausar Baugh, Kondhwa, Pune, Maharashtra 411048, India",General,establishment,ChIJq6qqbmLqwjsRq-Xm96wwBcs,18.4708289,73.88874489999999,"Main Road, opp. Konark Indrayu Mall, Kausar Baugh, Kondhwa, Pune, Maharashtra 411048, India",4.7,1123,True,"['Monday: Open 24 hours', 'Tuesday: Open 24 hours', 'Wednesday: Open 24 hours', 'Thursday: Open 24 hours', 'Friday: Open 24 hours', 'Saturday: Open 24 hours', 'Sunday: Open 24 hours']",086001 46624,http://www.satyanandhospital.com/,True,0.85,5884.811708350834,1,1,2026-04-08T12:55:05.840644
Shivprasad Hospital,"Shop No, 1Swami, Santosh Samarth, Krishna Road, Santosh Nagar, Katraj, Pune, Maharashtra 411046, India",General,establishment,ChIJT8MEuNvqwjsRkeFzA9oV618,18.4449817,73.85737519999999,"Shop No, 1Swami, Santosh Samarth, Krishna Road, Santosh Nagar, Katraj, Pune, Maharashtra 411046, India",4.6,11,True,"['Monday: 9:00\u202fAM\u2009–\u200911:00\u202fPM', 'Tuesday: 9:00\u202fAM\u2009–\u200911:00\u202fPM', 'Wednesday: 9:00\u202fAM\u2009–\u200911:00\u202fPM', 'Thursday: 9:00\u202fAM\u2009–\u200911:00\u202fPM', 'Friday: 9:00\u202fAM\u2009–\u200911:00\u202fPM', 'Saturday: 9:00\u202fAM\u2009–\u200911:00\u202fPM', 'Sunday: 9:00\u202fAM\u2009–\u200911:00\u202fPM']",099416 97777,,True,0.7999999999999999,5903.9819541937495,1,0,2026-04-08T12:55:04.056921
JEEVANDHARA MULTISPECIALITY HOSPITAL-|BEST ICU CARE CARDIAC CARE KATRAJ PUNE|,"SR.NO 84/2-D, FIRST FLOOR, BHAGIRATHI SQUARE, BUILDING, Morebaug Rd, Kanchan Nagari, Katraj, Pune, Maharashtra 411046, India",General,establishment,ChIJ41sYWwTrwjsRRXONpNhtyjQ,18.4492795,73.8579393,"SR.NO 84/2-D, FIRST FLOOR, BHAGIRATHI SQUARE, BUILDING, Morebaug Rd, Kanchan Nagari, Katraj, Pune, Maharashtra 411046, India",4.0,103,True,"['Monday: Open 24 hours', 'Tuesday: Open 24 hours', 'Wednesday: Open 24 hours', 'Thursday: Open 24 hours', 'Friday: Open 24 hours', 'Saturday: Open 24 hours', 'Sunday: Open 24 hours']",,,True,0.7,6084.483630028293,0,0,2026-04-08T12:55:01.504672
Royal Hospital,"Khashaba Jadhav Path, Shriram Nagar, Dhankawadi, Pune, Maharashtra 411046, India",General,establishment,ChIJjwcbI8TqwjsRpill-wiRPQE,18.4511608,73.8576069,"Khashaba Jadhav Path, Shriram Nagar, Dhankawadi, Pune, Maharashtra 411046, India",4.3,32,True,"['Monday: Open 24 hours', 'Tuesday: Open 24 hours', 'Wednesday: Open 24 hours', 'Thursday: Open 24 hours', 'Friday: Open 24 hours', 'Saturday: Open 24 hours', 'Sunday: Open 24 hours']",073852 71000,,True,0.7999999999999999,6224.9945817887765,1,0,2026-04-08T12:55:03.109278
Pune municipality Raja Shivchatrapati Hospital,"Near, Upper Market Rd, Upper Indira Nagar, Bibwewadi, Pune, Maharashtra 411037, India",General,establishment,ChIJA8y9FsjrwjsR1WbSWPQy4pQ,18.4631281,73.86751939999999,"Near, Upper Market Rd, Upper Indira Nagar, Bibwewadi, Pune, Maharashtra 411037, India",4.3,4,False,[],,,True,0.5,6293.993154964405,0,0,2026-04-08T12:55:07.463662
Dhankawade Hospital,"23/11, Astvinayak Vihar, A Wing, Near Niwara Society, Dhankawadi Rd, Shridharnagar, Vivek Nagar, Balaji Nagar, Pune, Maharashtra 411043, India",General,establishment,ChIJsanDEs_rwjsRVItdgzqihls,18.4624273,73.8623235,"23/11, Astvinayak Vihar, A Wing, Near Niwara Society, Dhankawadi Rd, Shridharnagar, Vivek Nagar, Balaji Nagar, Pune, Maharashtra 411043, India",2.9,22,True,"['Monday: Open 24 hours', 'Tuesday: Open 24 hours', 'Wednesday: Open 24 hours', 'Thursday: Open 24 hours', 'Friday: Open 24 hours', 'Saturday: Closed', 'Sunday: Closed']",,,True,0.7,6616.948180582129,0,0,2026-04-08T12:55:07.972448
Sadguru Multispeciality Hospital,"Lipane vasti, Jambhulwadi Rd, near shaninagar, Shani Nagar, Ambegaon Khurd, Pune, Maharashtra 411046, India",General,establishment,ChIJVbflw9XqwjsRV1ILOM0xBe8,18.4378637,73.8466782,"Lipane vasti, Jambhulwadi Rd, near shaninagar, Shani Nagar, Ambegaon Khurd, Pune, Maharashtra 411046, India",4.6,115,True,"['Monday: Open 24 hours', 'Tuesday: Open 24 hours', 'Wednesday: Open 24 hours', 'Thursday: Open 24 hours', 'Friday: Open 24 hours', 'Saturday: Open 24 hours', 'Sunday: Open 24 hours']",090967 43333,,True,0.7999999999999999,6663.032618785316,1,0,2026-04-08T12:55:05.101008
Bharati Hospital,"College of Nursing, 3, Pune - Satara Rd, Bharati Vidyapeeth Campus, Dhankawadi, Pune, Maharashtra 411043, India",General,establishment,ChIJHXnTdMfqwjsRZXmanedwbxM,18.459349,73.857241,"College of Nursing, 3, Pune - Satara Rd, Bharati Vidyapeeth Campus, Dhankawadi, Pune, Maharashtra 411043, India",4.2,2872,True,"['Monday: Open 24 hours', 'Tuesday: Open 24 hours', 'Wednesday: Open 24 hours', 'Thursday: Open 24 hours', 'Friday: Open 24 hours', 'Saturday: Open 24 hours', 'Sunday: Open 24 hours']",020 4055 5555,https://bharatihospital.com/,True,0.85,6790.471673025566,1,1,2026-04-08T12:55:02.038715
PATIL MULTISPECIALITY HOSPITAL,"first floor, MSR olive, Jambhulwadi Rd, Dattanagar, Ambegaon Budruk, Pune, Maharashtra 411046, India",General,establishment,ChIJ4YU77NHqwjsRScllufKRdP0,18.4474482,73.84890039999999,"first floor, MSR olive, Jambhulwadi Rd, Dattanagar, Ambegaon Budruk, Pune, Maharashtra 411046, India",4.7,316,True,"['Monday: Open 24 hours', 'Tuesday: Open 24 hours', 'Wednesday: Open 24 hours', 'Thursday: Open 24 hours', 'Friday: Open 24 hours', 'Saturday: Open 24 hours', 'Sunday: Open 24 hours']",086051 21899,https://patilhospitalpune.com/,True,0.85,6827.01126640143,1,1,2026-04-08T12:55:03.344726
Yashwant Hospital,"FR2X+3W7 Siddhivinayak Lane 1, chowk, near siddhivinayak mandir, Dattanagar, Ambegaon Budruk, Pune, Maharashtra 411046, India",General,establishment,ChIJX7EOR87qwjsRPXQYkB1k72I,18.4501648,73.84978550000001,"FR2X+3W7 Siddhivinayak Lane 1, chowk, near siddhivinayak mandir, Dattanagar, Ambegaon Budruk, Pune, Maharashtra 411046, India",3.6,10,True,"['Monday: 10:00\u202fAM\u2009–\u200910:00\u202fPM', 'Tuesday: 10:00\u202fAM\u2009–\u200910:00\u202fPM', 'Wednesday: 10:00\u202fAM\u2009–\u200910:00\u202fPM', 'Thursday: 10:00\u202fAM\u2009–\u200910:00\u202fPM', 'Friday: 10:00\u202fAM\u2009–\u200910:00\u202fPM', 'Saturday: 10:00\u202fAM\u2009–\u200910:00\u202fPM', 'Sunday: 10:00\u202fAM\u2009–\u200910:00\u202fPM']",098226 19370,,True,0.7999999999999999,6880.486559255314,1,0,2026-04-08T12:55:08.178955
Aura Multispeciality Hospital,"s.no33, Phale Nagar, Datta Nagar Road Near Reliance Fresh Mall, Kalubai Nagar, Shriram Nagar, Ambegaon Budruk, Pune46, Pune, Maharashtra 411046, India",General,establishment,ChIJXbJvmczrwjsR2nnLMYmpX2s,18.4533298,73.85095559999999,"s.no33, Phale Nagar, Datta Nagar Road Near Reliance Fresh Mall, Kalubai Nagar, Shriram Nagar, Ambegaon Budruk, Pune46, Pune, Maharashtra 411046, India",4.6,719,True,"['Monday: Open 24 hours', 'Tuesday: Open 24 hours', 'Wednesday: Open 24 hours', 'Thursday: Open 24 hours', 'Friday: Open 24 hours', 'Saturday: Open 24 hours', 'Sunday: Open 24 hours']",076204 42624,https://aurahospitalpune.com/,True,0.85,6947.879799661376,1,1,2026-04-08T12:55:01.121600
Siddhi Hospital,"ढांकावड़े पाटील टाउनशिप, Pune - Satara Rd, behind HP Petrol Pump, Panchod, Balaji Nagar, Pune, Maharashtra 411043, India",General Practice,doctor,ChIJISBjLLnqwjsR4F599NWy8ok,18.4641339,73.8592262,"ढांकावड़े पाटील टाउनशिप, Pune - Satara Rd, behind HP Petrol Pump, Panchod, Balaji Nagar, Pune, Maharashtra 411043, India",4.6,2000,True,"['Monday: Open 24 hours', 'Tuesday: Open 24 hours', 'Wednesday: Open 24 hours', 'Thursday: Open 24 hours', 'Friday: Open 24 hours', 'Saturday: Open 24 hours', 'Sunday: Open 24 hours']",074474 34524,http://www.siddhihospital.in/,True,0.85,6983.982564682969,1,1,2026-04-08T12:55:02.319706
"Padalkar Multispeciality Hospital - Multispeciality Hospital in Dattanagar, Pune","Bhadle empire, near HDFC Bank, Dattanagar, Pune, Maharashtra 411046, India",General,establishment,ChIJtaMi65LrwjsRllDXIHMRCPs,18.4493466,73.8478018,"Bhadle empire, near HDFC Bank, Dattanagar, Pune, Maharashtra 411046, India",4.1,128,True,"['Monday: 10:00\u202fAM\u2009–\u200910:00\u202fPM', 'Tuesday: 10:00\u202fAM\u2009–\u200910:00\u202fPM', 'Wednesday: 10:00\u202fAM\u2009–\u200910:00\u202fPM', 'Thursday: 10:00\u202fAM\u2009–\u200910:00\u202fPM', 'Friday: 10:00\u202fAM\u2009–\u200910:00\u202fPM', 'Saturday: 10:00\u202fAM\u2009–\u200910:00\u202fPM', 'Sunday: 10:00\u202fAM\u2009–\u200910:00\u202fPM']",,https://www.padalkarmultispecialityhospital.com/,True,0.75,7024.143622314044,0,1,2026-04-08T12:55:04.531848
jivraj hospital,"KK market signal, Pune - Satara Rd, near Konark Vihar, Punyai Nagar, Panchod, Dhankawadi, Pune, Maharashtra 411043, India",General,establishment,ChIJlfm-wLvqwjsRUrZOxLDIsc8,18.4679837,73.85801590000001,"KK market signal, Pune - Satara Rd, near Konark Vihar, Punyai Nagar, Panchod, Dhankawadi, Pune, Maharashtra 411043, India",4.7,15,True,"['Monday: Open 24 hours', 'Tuesday: Open 24 hours', 'Wednesday: Open 24 hours', 'Thursday: Open 24 hours', 'Friday: Open 24 hours', 'Saturday: Open 24 hours', 'Sunday: Open 24 hours']",020 2436 0255,https://www.aboutmyclinic.com/jivrajclinic,True,0.85,7374.557997569946,1,1,2026-04-08T12:55:10.338669
Sangam Hospital - Bibwewadi IVF & Maternity Centre,"21, Sangam Society Rd, near Vivekanand Statue, संगम नगर, Padmavati Nagar, Pune, Maharashtra 411037, India",General,establishment,ChIJS248XKTqwjsR3_3fgfE6-X0,18.4758041,73.8578373,"21, Sangam Society Rd, near Vivekanand Statue, संगम नगर, Padmavati Nagar, Pune, Maharashtra 411037, India",4.7,320,True,"['Monday: Open 24 hours', 'Tuesday: Open 24 hours', 'Wednesday: Open 24 hours', 'Thursday: Open 24 hours', 'Friday: Open 24 hours', 'Saturday: Open 24 hours', 'Sunday: Open 24 hours']",020 2421 2437,https://sangamhospital.in/,True,0.85,8027.437279748412,1,1,2026-04-08T12:55:05.371367
Sahyadri Super Speciality Hospital Hadapsar,"SN 163, Bhosale Garden Rd, beside Bhosale Nagar, Aru Nagar, Laxmi Vihar, Hadapsar, Pune, Maharashtra 411028, India",General,establishment,ChIJ13jtbPfBwjsRq-ooUa9y-u8,18.5032209,73.93218639999999,"SN 163, Bhosale Garden Rd, beside Bhosale Nagar, Aru Nagar, Laxmi Vihar, Hadapsar, Pune, Maharashtra 411028, India",4.7,12875,True,"['Monday: Open 24 hours', 'Tuesday: Open 24 hours', 'Wednesday: Open 24 hours', 'Thursday: Open 24 hours', 'Friday: Open 24 hours', 'Saturday: Open 24 hours', 'Sunday: Open 24 hours']",020 4713 8766,https://sahyadrihospital.com/hadapsar/?utm_source=Google&utm_medium=Organic&utm_campaign=GMB,True,0.85,9523.391273095627,1,1,2026-04-08T12:55:12.773248
"Sahyadri Super Speciality Hospital, Deccan Gymkhana, Pune","Plot No. 30-C, Karve Rd, Kachare Colony, Deccan Gymkhana, Pune, Maharashtra 411004, India",General,establishment,ChIJH1XCpYm_wjsRi58ExuGvoeU,18.5130079,73.8393427,"Plot No. 30-C, Karve Rd, Kachare Colony, Deccan Gymkhana, Pune, Maharashtra 411004, India",4.7,14771,True,"['Monday: Open 24 hours', 'Tuesday: Open 24 hours', 'Wednesday: Open 24 hours', 'Thursday: Open 24 hours', 'Friday: Open 24 hours', 'Saturday: Open 24 hours', 'Sunday: Open 24 hours']",020 4713 8766,https://sahyadrihospital.com/deccan,True,0.85,12497.783929544239,1,1,2026-04-08T12:55:04.831905
N. M. Wadia Heart Hospital,"32, Sasoon Rd, Central Excise Colony, Sangamvadi, Pune, Maharashtra 411001, India",General,establishment,ChIJJVOVSW3AwjsRp8A9crVZNKI,18.5307479,73.8770237,"32, Sasoon Rd, Central Excise Colony, Sangamvadi, Pune, Maharashtra 411001, India",3.9,147,True,"['Monday: Open 24 hours', 'Tuesday: Open 24 hours', 'Wednesday: Open 24 hours', 'Thursday: Open 24 hours', 'Friday: Open 24 hours', 'Saturday: Open 24 hours', 'Sunday: Open 24 hours']",020 6763 6400,https://www.nmwcardiology.org/?utm_source=google&utm_medium=gmb,True,0.85,12623.409897162994,1,1,2026-04-08T12:55:12.284144
"Platinum Multispeciality Hospital-Best CT Scan in Pune,MRI Centre,Cath Lab In Pune, Angiography,Sonography in Warje","Ganapati Matha Mandir, SAARRTHI SINCLAIR HOMES, Ram Nagar Rd, Warje, Pune, Maharashtra 411052, India",General,establishment,ChIJv6wg09SVwjsRvySCRIUlUZA,18.4749773,73.7977267,"Ganapati Matha Mandir, SAARRTHI SINCLAIR HOMES, Ram Nagar Rd, Warje, Pune, Maharashtra 411052, India",4.9,838,True,"['Monday: Open 24 hours', 'Tuesday: Open 24 hours', 'Wednesday: Open 24 hours', 'Thursday: Open 24 hours', 'Friday: Open 24 hours', 'Saturday: Open 24 hours', 'Sunday: Open 24 hours']",080 4804 7647,https://platinummultispecialityhospitals.com/,True,0.85,13024.28490260116,1,1,2026-04-08T12:55:09.345617
Ankura Hospital for Women & Children - Pune,"1+2A+2B/1, CTS, S.No.163, Nagras Rd, opposite SBI PBB, Ward No. 8, Wireless Colony, Aundh, Pune, Maharashtra 411007, India",General,establishment,ChIJWSbwyhq_wjsRc8IDS864p-Q,18.5653976,73.80474319999999,"1+2A+2B/1, CTS, S.No.163, Nagras Rd, opposite SBI PBB, Ward No. 8, Wireless Colony, Aundh, Pune, Maharashtra 411007, India",4.6,3144,True,"['Monday: Open 24 hours', 'Tuesday: Open 24 hours', 'Wednesday: Open 24 hours', 'Thursday: Open 24 hours', 'Friday: Open 24 hours', 'Saturday: Open 24 hours', 'Sunday: Open 24 hours']",090531 08108,https://www.ankurahospitals.com/women-and-childcare-hospital-in-pune/,True,0.85,19365.212114920832,1,1,2026-04-08T12:55:10.529807
Umarji Mother and Child Care Hospital,"Umarji Mother and Child Care hospital, Survey no. 13/1, comfort zone, beside Aditya Shagun, Balewadi Phata, Baner, Pune, Maharashtra 411045, India",General Practice,doctor,ChIJ6RkI7DK5wjsR5_U7MDh5N_I,18.5716519,73.7807983,"Umarji Mother and Child Care hospital, Survey no. 13/1, comfort zone, beside Aditya Shagun, Balewadi Phata, Baner, Pune, Maharashtra 411045, India",4.7,3858,True,"['Monday: Open 24 hours', 'Tuesday: Open 24 hours', 'Wednesday: Open 24 hours', 'Thursday: Open 24 hours', 'Friday: Open 24 hours', 'Saturday: Open 24 hours', 'Sunday: Open 24 hours']",020 3503 2200,https://umarjihealthcare.com/,True,0.85,21419.74948390242,1,1,2026-04-08T12:55:11.017014
